#
# A fatal error has been detected by the Java Runtime Environment:
#
#  SIGSEGV (0xb) at pc=0x000000012b0afe68, pid=31908, tid=38403
#
# JRE version: OpenJDK Runtime Environment Homebrew (21.0.5) (build 21.0.5)
# Java VM: OpenJDK 64-Bit Server VM Homebrew (21.0.5, mixed mode, sharing, tiered, compressed oops, compressed class ptrs, g1 gc, bsd-aarch64)
# Problematic frame:
# C  [libtesseract.5.dylib+0x27e68]  tesseract::Tesseract::recog_all_words(tesseract::PAGE_RES*, tesseract::ETEXT_DESC*, tesseract::TBOX const*, char const*, int)+0xbc
#
# No core dump will be written. Core dumps have been disabled. To enable core dumping, try "ulimit -c unlimited" before starting Java again
#
# If you would like to submit a bug report, please visit:
#   https://github.com/Homebrew/homebrew-core/issues
# The crash happened outside the Java Virtual Machine in native code.
# See problematic frame for where to report the bug.
#

---------------  S U M M A R Y ------------

Command Line: -javaagent:/Applications/IntelliJ IDEA CE.app/Contents/lib/idea_rt.jar=54864 -Dfile.encoding=UTF-8 -Dsun.stdout.encoding=UTF-8 -Dsun.stderr.encoding=UTF-8 com.plum.assignment.AssignmentApplication

Host: "Mac14,2" arm64, 8 cores, 8G, Darwin 25.0.0, macOS 26.0 (25A354)
Time: Sun Oct  5 16:37:59 2025 IST elapsed time: 173.902197 seconds (0d 0h 2m 53s)

---------------  T H R E A D  ---------------

Current thread (0x0000000b9fe59500):  JavaThread "http-nio-8080-exec-6" daemon [_thread_in_native, id=38403, stack(0x000000017244c000,0x000000017264f000) (2060K)]

Stack: [0x000000017244c000,0x000000017264f000],  sp=0x000000017264b7a0,  free space=2045k
Native frames: (J=compiled Java code, j=interpreted, Vv=VM code, C=native code)
C  [libtesseract.5.dylib+0x27e68]  tesseract::Tesseract::recog_all_words(tesseract::PAGE_RES*, tesseract::ETEXT_DESC*, tesseract::TBOX const*, char const*, int)+0xbc
C  [libtesseract.5.dylib+0x4b00]  tesseract::TessBaseAPI::Recognize(tesseract::ETEXT_DESC*)+0x31c
C  [libtesseract.5.dylib+0x38e0]  tesseract::TessBaseAPI::GetUTF8Text()+0x3c
C  [jna3285950524552075970.tmp+0x1004c]  ffi_prep_closure_loc+0x15ac
C  [jna3285950524552075970.tmp+0xea10]  ffi_call+0x520
C  [jna3285950524552075970.tmp+0x681c]  Java_com_sun_jna_Native_invokePointer+0x984
C  [jna3285950524552075970.tmp+0x5ec4]  Java_com_sun_jna_Native_invokePointer+0x2c
j  com.sun.jna.Native.invokePointer(Lcom/sun/jna/Function;JI[Ljava/lang/Object;)J+0
j  com.sun.jna.Function.invokePointer(I[Ljava/lang/Object;)Lcom/sun/jna/Pointer;+7
j  com.sun.jna.Function.invoke([Ljava/lang/Object;Ljava/lang/Class;ZI)Ljava/lang/Object;+385
j  com.sun.jna.Function.invoke(Ljava/lang/reflect/Method;[Ljava/lang/Class;Ljava/lang/Class;[Ljava/lang/Object;Ljava/util/Map;)Ljava/lang/Object;+271
j  com.sun.jna.Library$Handler.invoke(Ljava/lang/Object;Ljava/lang/reflect/Method;[Ljava/lang/Object;)Ljava/lang/Object;+390
j  jdk.proxy2.$Proxy76.TessBaseAPIGetUTF8Text(Lnet/sourceforge/tess4j/ITessAPI$TessBaseAPI;)Lcom/sun/jna/Pointer;+16 jdk.proxy2
j  net.sourceforge.tess4j.Tesseract.getOCRText(Ljava/lang/String;I)Ljava/lang/String;+264
j  net.sourceforge.tess4j.Tesseract.doOCR(Ljava/util/List;Ljava/lang/String;Ljava/awt/Rectangle;)Ljava/lang/String;+69
j  net.sourceforge.tess4j.Tesseract.doOCR(Ljava/util/List;Ljava/awt/Rectangle;)Ljava/lang/String;+4
j  net.sourceforge.tess4j.Tesseract.doOCR(Ljava/awt/image/BufferedImage;Ljava/awt/Rectangle;)Ljava/lang/String;+6
j  net.sourceforge.tess4j.Tesseract.doOCR(Ljava/awt/image/BufferedImage;)Ljava/lang/String;+3
j  com.plum.assignment.service.OcrParsingService.parseImage(Lorg/springframework/web/multipart/MultipartFile;)Lcom/plum/assignment/model/OcrParseResult;+15
j  com.plum.assignment.controller.HealthProfileController.analyzeImage(Lorg/springframework/web/multipart/MultipartFile;)Lorg/springframework/http/ResponseEntity;+21
j  java.lang.invoke.LambdaForm$DMH+0x0000000301144000.invokeVirtual(Ljava/lang/Object;Ljava/lang/Object;Ljava/lang/Object;)Ljava/lang/Object;+11 java.base@21.0.5
j  java.lang.invoke.LambdaForm$MH+0x0000000301088800.invoke(Ljava/lang/Object;Ljava/lang/Object;Ljava/lang/Object;)Ljava/lang/Object;+52 java.base@21.0.5
J 3463 c1 jdk.internal.reflect.DirectMethodHandleAccessor.invoke(Ljava/lang/Object;[Ljava/lang/Object;)Ljava/lang/Object; java.base@21.0.5 (92 bytes) @ 0x000000011218d6a8 [0x000000011218d2c0+0x00000000000003e8]
J 3206 c1 java.lang.reflect.Method.invoke(Ljava/lang/Object;[Ljava/lang/Object;)Ljava/lang/Object; java.base@21.0.5 (108 bytes) @ 0x00000001120d5b6c [0x00000001120d5600+0x000000000000056c]
j  org.springframework.web.method.support.InvocableHandlerMethod.doInvoke([Ljava/lang/Object;)Ljava/lang/Object;+55
j  org.springframework.web.method.support.InvocableHandlerMethod.invokeForRequest(Lorg/springframework/web/context/request/NativeWebRequest;Lorg/springframework/web/method/support/ModelAndViewContainer;[Ljava/lang/Object;)Ljava/lang/Object;+82
j  org.springframework.web.servlet.mvc.method.annotation.ServletInvocableHandlerMethod.invokeAndHandle(Lorg/springframework/web/context/request/ServletWebRequest;Lorg/springframework/web/method/support/ModelAndViewContainer;[Ljava/lang/Object;)V+4
j  org.springframework.web.servlet.mvc.method.annotation.RequestMappingHandlerAdapter.invokeHandlerMethod(Ljakarta/servlet/http/HttpServletRequest;Ljakarta/servlet/http/HttpServletResponse;Lorg/springframework/web/method/HandlerMethod;)Lorg/springframework/web/servlet/ModelAndView;+309
j  org.springframework.web.servlet.mvc.method.annotation.RequestMappingHandlerAdapter.handleInternal(Ljakarta/servlet/http/HttpServletRequest;Ljakarta/servlet/http/HttpServletResponse;Lorg/springframework/web/method/HandlerMethod;)Lorg/springframework/web/servlet/ModelAndView;+81
j  org.springframework.web.servlet.mvc.method.AbstractHandlerMethodAdapter.handle(Ljakarta/servlet/http/HttpServletRequest;Ljakarta/servlet/http/HttpServletResponse;Ljava/lang/Object;)Lorg/springframework/web/servlet/ModelAndView;+7
j  org.springframework.web.servlet.DispatcherServlet.doDispatch(Ljakarta/servlet/http/HttpServletRequest;Ljakarta/servlet/http/HttpServletResponse;)V+304
j  org.springframework.web.servlet.DispatcherServlet.doService(Ljakarta/servlet/http/HttpServletRequest;Ljakarta/servlet/http/HttpServletResponse;)V+242
j  org.springframework.web.servlet.FrameworkServlet.processRequest(Ljakarta/servlet/http/HttpServletRequest;Ljakarta/servlet/http/HttpServletResponse;)V+70
j  org.springframework.web.servlet.FrameworkServlet.doPost(Ljakarta/servlet/http/HttpServletRequest;Ljakarta/servlet/http/HttpServletResponse;)V+3
j  jakarta.servlet.http.HttpServlet.service(Ljakarta/servlet/http/HttpServletRequest;Ljakarta/servlet/http/HttpServletResponse;)V+150
j  org.springframework.web.servlet.FrameworkServlet.service(Ljakarta/servlet/http/HttpServletRequest;Ljakarta/servlet/http/HttpServletResponse;)V+20
j  jakarta.servlet.http.HttpServlet.service(Ljakarta/servlet/ServletRequest;Ljakarta/servlet/ServletResponse;)V+37
j  org.apache.catalina.core.ApplicationFilterChain.internalDoFilter(Ljakarta/servlet/ServletRequest;Ljakarta/servlet/ServletResponse;)V+300
j  org.apache.catalina.core.ApplicationFilterChain.doFilter(Ljakarta/servlet/ServletRequest;Ljakarta/servlet/ServletResponse;)V+99
j  org.apache.tomcat.websocket.server.WsFilter.doFilter(Ljakarta/servlet/ServletRequest;Ljakarta/servlet/ServletResponse;Ljakarta/servlet/FilterChain;)V+21
j  org.apache.catalina.core.ApplicationFilterChain.internalDoFilter(Ljakarta/servlet/ServletRequest;Ljakarta/servlet/ServletResponse;)V+130
j  org.apache.catalina.core.ApplicationFilterChain.doFilter(Ljakarta/servlet/ServletRequest;Ljakarta/servlet/ServletResponse;)V+99
j  org.springframework.web.filter.RequestContextFilter.doFilterInternal(Ljakarta/servlet/http/HttpServletRequest;Ljakarta/servlet/http/HttpServletResponse;Ljakarta/servlet/FilterChain;)V+21
j  org.springframework.web.filter.OncePerRequestFilter.doFilter(Ljakarta/servlet/ServletRequest;Ljakarta/servlet/ServletResponse;Ljakarta/servlet/FilterChain;)V+150
j  org.apache.catalina.core.ApplicationFilterChain.internalDoFilter(Ljakarta/servlet/ServletRequest;Ljakarta/servlet/ServletResponse;)V+130
j  org.apache.catalina.core.ApplicationFilterChain.doFilter(Ljakarta/servlet/ServletRequest;Ljakarta/servlet/ServletResponse;)V+99
j  org.springframework.web.filter.FormContentFilter.doFilterInternal(Ljakarta/servlet/http/HttpServletRequest;Ljakarta/servlet/http/HttpServletResponse;Ljakarta/servlet/FilterChain;)V+38
j  org.springframework.web.filter.OncePerRequestFilter.doFilter(Ljakarta/servlet/ServletRequest;Ljakarta/servlet/ServletResponse;Ljakarta/servlet/FilterChain;)V+150
j  org.apache.catalina.core.ApplicationFilterChain.internalDoFilter(Ljakarta/servlet/ServletRequest;Ljakarta/servlet/ServletResponse;)V+130
j  org.apache.catalina.core.ApplicationFilterChain.doFilter(Ljakarta/servlet/ServletRequest;Ljakarta/servlet/ServletResponse;)V+99
j  org.springframework.web.filter.CharacterEncodingFilter.doFilterInternal(Ljakarta/servlet/http/HttpServletRequest;Ljakarta/servlet/http/HttpServletResponse;Ljakarta/servlet/FilterChain;)V+53
j  org.springframework.web.filter.OncePerRequestFilter.doFilter(Ljakarta/servlet/ServletRequest;Ljakarta/servlet/ServletResponse;Ljakarta/servlet/FilterChain;)V+150
j  org.apache.catalina.core.ApplicationFilterChain.internalDoFilter(Ljakarta/servlet/ServletRequest;Ljakarta/servlet/ServletResponse;)V+130
j  org.apache.catalina.core.ApplicationFilterChain.doFilter(Ljakarta/servlet/ServletRequest;Ljakarta/servlet/ServletResponse;)V+99
j  org.apache.catalina.core.StandardWrapperValve.invoke(Lorg/apache/catalina/connector/Request;Lorg/apache/catalina/connector/Response;)V+511
j  org.apache.catalina.core.StandardContextValve.invoke(Lorg/apache/catalina/connector/Request;Lorg/apache/catalina/connector/Response;)V+169
j  org.apache.catalina.authenticator.AuthenticatorBase.invoke(Lorg/apache/catalina/connector/Request;Lorg/apache/catalina/connector/Response;)V+221
j  org.apache.catalina.core.StandardHostValve.invoke(Lorg/apache/catalina/connector/Request;Lorg/apache/catalina/connector/Response;)V+131
j  org.apache.catalina.valves.ErrorReportValve.invoke(Lorg/apache/catalina/connector/Request;Lorg/apache/catalina/connector/Response;)V+6
j  org.apache.catalina.core.StandardEngineValve.invoke(Lorg/apache/catalina/connector/Request;Lorg/apache/catalina/connector/Response;)V+59
j  org.apache.catalina.connector.CoyoteAdapter.service(Lorg/apache/coyote/Request;Lorg/apache/coyote/Response;)V+188
j  org.apache.coyote.http11.Http11Processor.service(Lorg/apache/tomcat/util/net/SocketWrapperBase;)Lorg/apache/tomcat/util/net/AbstractEndpoint$Handler$SocketState;+796
j  org.apache.coyote.AbstractProcessorLight.process(Lorg/apache/tomcat/util/net/SocketWrapperBase;Lorg/apache/tomcat/util/net/SocketEvent;)Lorg/apache/tomcat/util/net/AbstractEndpoint$Handler$SocketState;+155
j  org.apache.coyote.AbstractProtocol$ConnectionHandler.process(Lorg/apache/tomcat/util/net/SocketWrapperBase;Lorg/apache/tomcat/util/net/SocketEvent;)Lorg/apache/tomcat/util/net/AbstractEndpoint$Handler$SocketState;+477
j  org.apache.tomcat.util.net.NioEndpoint$SocketProcessor.doRun()V+222
j  org.apache.tomcat.util.net.SocketProcessorBase.run()V+32
j  org.apache.tomcat.util.threads.ThreadPoolExecutor.runWorker(Lorg/apache/tomcat/util/threads/ThreadPoolExecutor$Worker;)V+92
j  org.apache.tomcat.util.threads.ThreadPoolExecutor$Worker.run()V+5
j  org.apache.tomcat.util.threads.TaskThread$WrappingRunnable.run()V+4
j  java.lang.Thread.runWith(Ljava/lang/Object;Ljava/lang/Runnable;)V+5 java.base@21.0.5
j  java.lang.Thread.run()V+19 java.base@21.0.5
v  ~StubRoutines::call_stub 0x0000000119000140
V  [libjvm.dylib+0x3c281c]  JavaCalls::call_helper(JavaValue*, methodHandle const&, JavaCallArguments*, JavaThread*)+0x25c
V  [libjvm.dylib+0x3c1be8]  JavaCalls::call_virtual(JavaValue*, Klass*, Symbol*, Symbol*, JavaCallArguments*, JavaThread*)+0xf8
V  [libjvm.dylib+0x3c1cb0]  JavaCalls::call_virtual(JavaValue*, Handle, Klass*, Symbol*, Symbol*, JavaThread*)+0x64
V  [libjvm.dylib+0x46737c]  thread_entry(JavaThread*, JavaThread*)+0x9c
V  [libjvm.dylib+0x3d2a48]  JavaThread::thread_main_inner()+0x84
V  [libjvm.dylib+0x3d28a4]  JavaThread::run()+0x150
V  [libjvm.dylib+0x7ce14c]  Thread::call_run()+0x8c
V  [libjvm.dylib+0x66c7a4]  thread_native_entry(Thread*)+0xcc
C  [libsystem_pthread.dylib+0x6c08]  _pthread_start+0x88
Java frames: (J=compiled Java code, j=interpreted, Vv=VM code)
j  com.sun.jna.Native.invokePointer(Lcom/sun/jna/Function;JI[Ljava/lang/Object;)J+0
j  com.sun.jna.Function.invokePointer(I[Ljava/lang/Object;)Lcom/sun/jna/Pointer;+7
j  com.sun.jna.Function.invoke([Ljava/lang/Object;Ljava/lang/Class;ZI)Ljava/lang/Object;+385
j  com.sun.jna.Function.invoke(Ljava/lang/reflect/Method;[Ljava/lang/Class;Ljava/lang/Class;[Ljava/lang/Object;Ljava/util/Map;)Ljava/lang/Object;+271
j  com.sun.jna.Library$Handler.invoke(Ljava/lang/Object;Ljava/lang/reflect/Method;[Ljava/lang/Object;)Ljava/lang/Object;+390
j  jdk.proxy2.$Proxy76.TessBaseAPIGetUTF8Text(Lnet/sourceforge/tess4j/ITessAPI$TessBaseAPI;)Lcom/sun/jna/Pointer;+16 jdk.proxy2
j  net.sourceforge.tess4j.Tesseract.getOCRText(Ljava/lang/String;I)Ljava/lang/String;+264
j  net.sourceforge.tess4j.Tesseract.doOCR(Ljava/util/List;Ljava/lang/String;Ljava/awt/Rectangle;)Ljava/lang/String;+69
j  net.sourceforge.tess4j.Tesseract.doOCR(Ljava/util/List;Ljava/awt/Rectangle;)Ljava/lang/String;+4
j  net.sourceforge.tess4j.Tesseract.doOCR(Ljava/awt/image/BufferedImage;Ljava/awt/Rectangle;)Ljava/lang/String;+6
j  net.sourceforge.tess4j.Tesseract.doOCR(Ljava/awt/image/BufferedImage;)Ljava/lang/String;+3
j  com.plum.assignment.service.OcrParsingService.parseImage(Lorg/springframework/web/multipart/MultipartFile;)Lcom/plum/assignment/model/OcrParseResult;+15
j  com.plum.assignment.controller.HealthProfileController.analyzeImage(Lorg/springframework/web/multipart/MultipartFile;)Lorg/springframework/http/ResponseEntity;+21
j  java.lang.invoke.LambdaForm$DMH+0x0000000301144000.invokeVirtual(Ljava/lang/Object;Ljava/lang/Object;Ljava/lang/Object;)Ljava/lang/Object;+11 java.base@21.0.5
j  java.lang.invoke.LambdaForm$MH+0x0000000301088800.invoke(Ljava/lang/Object;Ljava/lang/Object;Ljava/lang/Object;)Ljava/lang/Object;+52 java.base@21.0.5
J 3463 c1 jdk.internal.reflect.DirectMethodHandleAccessor.invoke(Ljava/lang/Object;[Ljava/lang/Object;)Ljava/lang/Object; java.base@21.0.5 (92 bytes) @ 0x000000011218d6a8 [0x000000011218d2c0+0x00000000000003e8]
J 3206 c1 java.lang.reflect.Method.invoke(Ljava/lang/Object;[Ljava/lang/Object;)Ljava/lang/Object; java.base@21.0.5 (108 bytes) @ 0x00000001120d5b6c [0x00000001120d5600+0x000000000000056c]
j  org.springframework.web.method.support.InvocableHandlerMethod.doInvoke([Ljava/lang/Object;)Ljava/lang/Object;+55
j  org.springframework.web.method.support.InvocableHandlerMethod.invokeForRequest(Lorg/springframework/web/context/request/NativeWebRequest;Lorg/springframework/web/method/support/ModelAndViewContainer;[Ljava/lang/Object;)Ljava/lang/Object;+82
j  org.springframework.web.servlet.mvc.method.annotation.ServletInvocableHandlerMethod.invokeAndHandle(Lorg/springframework/web/context/request/ServletWebRequest;Lorg/springframework/web/method/support/ModelAndViewContainer;[Ljava/lang/Object;)V+4
j  org.springframework.web.servlet.mvc.method.annotation.RequestMappingHandlerAdapter.invokeHandlerMethod(Ljakarta/servlet/http/HttpServletRequest;Ljakarta/servlet/http/HttpServletResponse;Lorg/springframework/web/method/HandlerMethod;)Lorg/springframework/web/servlet/ModelAndView;+309
j  org.springframework.web.servlet.mvc.method.annotation.RequestMappingHandlerAdapter.handleInternal(Ljakarta/servlet/http/HttpServletRequest;Ljakarta/servlet/http/HttpServletResponse;Lorg/springframework/web/method/HandlerMethod;)Lorg/springframework/web/servlet/ModelAndView;+81
j  org.springframework.web.servlet.mvc.method.AbstractHandlerMethodAdapter.handle(Ljakarta/servlet/http/HttpServletRequest;Ljakarta/servlet/http/HttpServletResponse;Ljava/lang/Object;)Lorg/springframework/web/servlet/ModelAndView;+7
j  org.springframework.web.servlet.DispatcherServlet.doDispatch(Ljakarta/servlet/http/HttpServletRequest;Ljakarta/servlet/http/HttpServletResponse;)V+304
j  org.springframework.web.servlet.DispatcherServlet.doService(Ljakarta/servlet/http/HttpServletRequest;Ljakarta/servlet/http/HttpServletResponse;)V+242
j  org.springframework.web.servlet.FrameworkServlet.processRequest(Ljakarta/servlet/http/HttpServletRequest;Ljakarta/servlet/http/HttpServletResponse;)V+70
j  org.springframework.web.servlet.FrameworkServlet.doPost(Ljakarta/servlet/http/HttpServletRequest;Ljakarta/servlet/http/HttpServletResponse;)V+3
j  jakarta.servlet.http.HttpServlet.service(Ljakarta/servlet/http/HttpServletRequest;Ljakarta/servlet/http/HttpServletResponse;)V+150
j  org.springframework.web.servlet.FrameworkServlet.service(Ljakarta/servlet/http/HttpServletRequest;Ljakarta/servlet/http/HttpServletResponse;)V+20
j  jakarta.servlet.http.HttpServlet.service(Ljakarta/servlet/ServletRequest;Ljakarta/servlet/ServletResponse;)V+37
j  org.apache.catalina.core.ApplicationFilterChain.internalDoFilter(Ljakarta/servlet/ServletRequest;Ljakarta/servlet/ServletResponse;)V+300
j  org.apache.catalina.core.ApplicationFilterChain.doFilter(Ljakarta/servlet/ServletRequest;Ljakarta/servlet/ServletResponse;)V+99
j  org.apache.tomcat.websocket.server.WsFilter.doFilter(Ljakarta/servlet/ServletRequest;Ljakarta/servlet/ServletResponse;Ljakarta/servlet/FilterChain;)V+21
j  org.apache.catalina.core.ApplicationFilterChain.internalDoFilter(Ljakarta/servlet/ServletRequest;Ljakarta/servlet/ServletResponse;)V+130
j  org.apache.catalina.core.ApplicationFilterChain.doFilter(Ljakarta/servlet/ServletRequest;Ljakarta/servlet/ServletResponse;)V+99
j  org.springframework.web.filter.RequestContextFilter.doFilterInternal(Ljakarta/servlet/http/HttpServletRequest;Ljakarta/servlet/http/HttpServletResponse;Ljakarta/servlet/FilterChain;)V+21
j  org.springframework.web.filter.OncePerRequestFilter.doFilter(Ljakarta/servlet/ServletRequest;Ljakarta/servlet/ServletResponse;Ljakarta/servlet/FilterChain;)V+150
j  org.apache.catalina.core.ApplicationFilterChain.internalDoFilter(Ljakarta/servlet/ServletRequest;Ljakarta/servlet/ServletResponse;)V+130
j  org.apache.catalina.core.ApplicationFilterChain.doFilter(Ljakarta/servlet/ServletRequest;Ljakarta/servlet/ServletResponse;)V+99
j  org.springframework.web.filter.FormContentFilter.doFilterInternal(Ljakarta/servlet/http/HttpServletRequest;Ljakarta/servlet/http/HttpServletResponse;Ljakarta/servlet/FilterChain;)V+38
j  org.springframework.web.filter.OncePerRequestFilter.doFilter(Ljakarta/servlet/ServletRequest;Ljakarta/servlet/ServletResponse;Ljakarta/servlet/FilterChain;)V+150
j  org.apache.catalina.core.ApplicationFilterChain.internalDoFilter(Ljakarta/servlet/ServletRequest;Ljakarta/servlet/ServletResponse;)V+130
j  org.apache.catalina.core.ApplicationFilterChain.doFilter(Ljakarta/servlet/ServletRequest;Ljakarta/servlet/ServletResponse;)V+99
j  org.springframework.web.filter.CharacterEncodingFilter.doFilterInternal(Ljakarta/servlet/http/HttpServletRequest;Ljakarta/servlet/http/HttpServletResponse;Ljakarta/servlet/FilterChain;)V+53
j  org.springframework.web.filter.OncePerRequestFilter.doFilter(Ljakarta/servlet/ServletRequest;Ljakarta/servlet/ServletResponse;Ljakarta/servlet/FilterChain;)V+150
j  org.apache.catalina.core.ApplicationFilterChain.internalDoFilter(Ljakarta/servlet/ServletRequest;Ljakarta/servlet/ServletResponse;)V+130
j  org.apache.catalina.core.ApplicationFilterChain.doFilter(Ljakarta/servlet/ServletRequest;Ljakarta/servlet/ServletResponse;)V+99
j  org.apache.catalina.core.StandardWrapperValve.invoke(Lorg/apache/catalina/connector/Request;Lorg/apache/catalina/connector/Response;)V+511
j  org.apache.catalina.core.StandardContextValve.invoke(Lorg/apache/catalina/connector/Request;Lorg/apache/catalina/connector/Response;)V+169
j  org.apache.catalina.authenticator.AuthenticatorBase.invoke(Lorg/apache/catalina/connector/Request;Lorg/apache/catalina/connector/Response;)V+221
j  org.apache.catalina.core.StandardHostValve.invoke(Lorg/apache/catalina/connector/Request;Lorg/apache/catalina/connector/Response;)V+131
j  org.apache.catalina.valves.ErrorReportValve.invoke(Lorg/apache/catalina/connector/Request;Lorg/apache/catalina/connector/Response;)V+6
j  org.apache.catalina.core.StandardEngineValve.invoke(Lorg/apache/catalina/connector/Request;Lorg/apache/catalina/connector/Response;)V+59
j  org.apache.catalina.connector.CoyoteAdapter.service(Lorg/apache/coyote/Request;Lorg/apache/coyote/Response;)V+188
j  org.apache.coyote.http11.Http11Processor.service(Lorg/apache/tomcat/util/net/SocketWrapperBase;)Lorg/apache/tomcat/util/net/AbstractEndpoint$Handler$SocketState;+796
j  org.apache.coyote.AbstractProcessorLight.process(Lorg/apache/tomcat/util/net/SocketWrapperBase;Lorg/apache/tomcat/util/net/SocketEvent;)Lorg/apache/tomcat/util/net/AbstractEndpoint$Handler$SocketState;+155
j  org.apache.coyote.AbstractProtocol$ConnectionHandler.process(Lorg/apache/tomcat/util/net/SocketWrapperBase;Lorg/apache/tomcat/util/net/SocketEvent;)Lorg/apache/tomcat/util/net/AbstractEndpoint$Handler$SocketState;+477
j  org.apache.tomcat.util.net.NioEndpoint$SocketProcessor.doRun()V+222
j  org.apache.tomcat.util.net.SocketProcessorBase.run()V+32
j  org.apache.tomcat.util.threads.ThreadPoolExecutor.runWorker(Lorg/apache/tomcat/util/threads/ThreadPoolExecutor$Worker;)V+92
j  org.apache.tomcat.util.threads.ThreadPoolExecutor$Worker.run()V+5
j  org.apache.tomcat.util.threads.TaskThread$WrappingRunnable.run()V+4
j  java.lang.Thread.runWith(Ljava/lang/Object;Ljava/lang/Runnable;)V+5 java.base@21.0.5
j  java.lang.Thread.run()V+19 java.base@21.0.5
v  ~StubRoutines::call_stub 0x0000000119000140

siginfo: si_signo: 11 (SIGSEGV), si_code: 2 (SEGV_ACCERR), si_addr: 0x000000000000000c

Registers:
 x0=0x0000000ba359c200  x1=0x0000000000000000  x2=0x0000000000000000  x3=0x0000000000000000
 x4=0x0000000000000000  x5=0x0000000000000000  x6=0xffffffffbfc007ff  x7=0x0000000000000270
 x8=0x0000000000000000  x9=0x0000000000000000 x10=0x0000000ba4575da0 x11=0x0000000ba3060b10
x12=0x0000000000000000 x13=0x0000000000000000 x14=0x0000000102eda638 x15=0x0000000ba4680000
x16=0x0000000181133750 x17=0xffffffffb00007ff x18=0x0000000000000000 x19=0x0000000000000000
x20=0x0000000b9fee03c0 x21=0x0000000ba1a80000 x22=0x0000000000000000 x23=0x0000000000000000
x24=0x0000000000000000 x25=0x000000017264bb70 x26=0x0000000ba1aa1b7c x27=0x0000000ba1aa3102
x28=0x0000000ba1aa49a0  fp=0x000000017264b960  lr=0x000000012b0afe48  sp=0x000000017264b7a0
pc=0x000000012b0afe68 cpsr=0x0000000080001000

Register to memory mapping:

x0 =0x0000000ba359c200 points into unknown readable memory: 0x0000000ba359c400 | 00 c4 59 a3 0b 00 00 00
x1 =0x0 is null
x2 =0x0 is null
x3 =0x0 is null
x4 =0x0 is null
x5 =0x0 is null
x6 =0xffffffffbfc007ff is an unknown value
x7 =0x0000000000000270 is an unknown value
x8 =0x0 is null
x9 =0x0 is null
x10=0x0000000ba4575da0 points into unknown readable memory: 0x0000000ba4575da0 | a0 5d 57 a4 0b 00 00 00
x11=0x0000000ba3060b10 points into unknown readable memory: 0x0000000ba3060ab0 | b0 0a 06 a3 0b 00 00 00
x12=0x0 is null
x13=0x0 is null
x14=0x0000000102eda638 points into unknown readable memory: 0x0003a01c00404c00 | 00 4c 40 00 1c a0 03 00
x15=0x0000000ba4680000 points into unknown readable memory: 0x0000000ba359ce00 | 00 ce 59 a3 0b 00 00 00
x16=0x0000000181133750: _platform_strcmp$VARIANT$Base+0 in /usr/lib/system/libsystem_platform.dylib at 0x000000018112f000
x17=0xffffffffb00007ff is an unknown value
x18=0x0 is null
x19=0x0 is null
x20=0x0000000b9fee03c0 points into unknown readable memory: 0x0000000000000000 | 00 00 00 00 00 00 00 00
x21=0x0000000ba1a80000 points into unknown readable memory: 0x000000012b2551f8 | f8 51 25 2b 01 00 00 00
x22=0x0 is null
x23=0x0 is null
x24=0x0 is null
x25=0x000000017264bb70 is pointing into the stack for thread: 0x0000000b9fe59500
x26=0x0000000ba1aa1b7c points into unknown readable memory: 06 00 00 00
x27=0x0000000ba1aa3102 points into unknown readable memory: 00 00 00 00 00 00
x28=0x0000000ba1aa49a0 points into unknown readable memory: 0x0000000100000000 | 00 00 00 00 01 00 00 00
 fp=0x000000017264b960 is pointing into the stack for thread: 0x0000000b9fe59500
 lr=0x000000012b0afe48: _ZN9tesseract9Tesseract15recog_all_wordsEPNS_8PAGE_RESEPNS_10ETEXT_DESCEPKNS_4TBOXEPKci+0x9c in /opt/homebrew/Cellar/tesseract/5.5.1/lib/libtesseract.5.dylib at 0x000000012b088000
 sp=0x000000017264b7a0 is pointing into the stack for thread: 0x0000000b9fe59500

Top of Stack: (sp=0x000000017264b7a0)
0x000000017264b7a0:   0000000000000000 0000000ba46b8a00
0x000000017264b7b0:   0000000000000000 0000000000000000
0x000000017264b7c0:   0000000b9fee03c0 0000000000000000
0x000000017264b7d0:   0000000000000000 0000000000000000
0x000000017264b7e0:   0000000ba359c200 0000000ba3060b40
0x000000017264b7f0:   0000000ba4575da0 0000000ba359c400
0x000000017264b800:   0000000ba3060b40 0000000ba4575da0
0x000000017264b810:   0000000b9fee03c8 0000000ba4575da0
0x000000017264b820:   0000000ba4575da0 0000000ba4575da0
0x000000017264b830:   0000000ba4575da0 000000012b000000
0x000000017264b840:   0000000ba4575dc8 0000000ba30611d0
0x000000017264b850:   0000000ba3060b40 0000000ba3060b10
0x000000017264b860:   0000000ba3060b40 0000000b9f000000
0x000000017264b870:   0000000ba3060b60 0000000ba359c400
0x000000017264b880:   0000000ba359c600 0000000ba359c800
0x000000017264b890:   0000000ba359c200 0000000000010000
0x000000017264b8a0:   0000000ba3060b60 0000000ba359c800
0x000000017264b8b0:   0000000ba359c200 0000000ba359c400
0x000000017264b8c0:   0000000ba359c200 000000012b000000
0x000000017264b8d0:   0000000ba3060b60 0000000ba359c200
0x000000017264b8e0:   0000000ba359c400 0000000ba359c600
0x000000017264b8f0:   0000000ba359c200 0000000ba4010000
0x000000017264b900:   0000000000000000 0000000ba1aa1a6a
0x000000017264b910:   000000017264bbb0 0000000000000001
0x000000017264b920:   0000000000000001 000000017264bb70
0x000000017264b930:   0000000000000000 0000000ba1aa1a6a
0x000000017264b940:   0000000ba1a80000 0000000b9fee03c0
0x000000017264b950:   0000000000000000 0000000ba38482a0
0x000000017264b960:   000000017264b9c0 000000012b08cb00
0x000000017264b970:   0000000300be7186 000000010900dc01
0x000000017264b980:   000000017264ba38 000000017264ba00
0x000000017264b990:   0000000000000000 000000017264bc20 

Instructions: (pc=0x000000012b0afe68)
0x000000012b0afd68:   f8 5f 42 a9 ff 83 01 91 c0 03 5f d6 07 00 00 14
0x000000012b0afd78:   f4 03 00 aa e8 7f c0 39 a8 00 f8 36 e0 07 40 f9
0x000000012b0afd88:   b5 e8 04 94 02 00 00 14 f4 03 00 aa 68 5e c0 39
0x000000012b0afd98:   68 00 f8 36 60 02 40 f9 af e8 04 94 e0 03 14 aa
0x000000012b0afda8:   90 e7 04 94 ff 43 07 d1 fc 6f 17 a9 fa 67 18 a9
0x000000012b0afdb8:   f8 5f 19 a9 f6 57 1a a9 f4 4f 1b a9 fd 7b 1c a9
0x000000012b0afdc8:   fd 03 07 91 f7 03 05 aa f8 03 04 aa e3 03 00 f9
0x000000012b0afdd8:   f3 03 02 aa f4 03 01 aa f5 03 00 aa ff 53 00 f9
0x000000012b0afde8:   ff 6b 00 f9 08 90 40 91 1c 81 26 91 08 8c 40 91
0x000000012b0afdf8:   1b 09 04 91 ff 83 00 f9 ff 9b 00 f9 08 84 40 91
0x000000012b0afe08:   1a f1 2d 91 ff 3b 00 f9 e1 13 00 f9 e0 83 00 91
0x000000012b0afe18:   01 00 80 52 71 62 01 94 48 3b 66 39 1f 05 00 71
0x000000012b0afe28:   61 00 00 54 48 bb 26 39 68 83 0c 39 ff 06 00 71
0x000000012b0afe38:   e8 0d 00 54 e0 83 00 91 01 00 80 52 67 62 01 94
0x000000012b0afe48:   a8 c2 54 b9 f6 03 18 aa 1f 05 00 71 8b 00 00 54
0x000000012b0afe58:   e0 03 15 aa 7c b5 01 94 06 00 00 14 a8 e2 44 f9
0x000000012b0afe68:   08 31 40 39 68 00 00 34 e0 03 15 aa 96 b5 01 94
0x000000012b0afe78:   99 63 46 a9 3f 03 18 eb a0 01 00 54 20 03 40 f9
0x000000012b0afe88:   08 c0 54 b9 1f 05 00 71 6b 00 00 54 6e b5 01 94
0x000000012b0afe98:   05 00 00 14 08 e0 44 f9 08 31 40 39 48 00 00 34
0x000000012b0afea8:   89 b5 01 94 39 23 00 91 f3 ff ff 17 ff ff 00 a9
0x000000012b0afeb8:   ff 0f 00 f9 e5 23 00 91 e0 03 15 aa 21 00 80 52
0x000000012b0afec8:   e2 03 40 f9 f8 03 16 aa e3 03 16 aa e4 03 14 aa
0x000000012b0afed8:   d2 fc ff 97 68 8b 25 91 08 01 40 b9 88 00 00 34
0x000000012b0afee8:   e1 23 00 91 e0 03 15 aa 21 f0 00 94 e9 a3 40 a9
0x000000012b0afef8:   08 01 09 cb 08 fd 44 d3 a9 99 99 52 89 99 b9 72
0x000000012b0aff08:   08 7d 09 1b 88 7f 07 29 a8 92 40 91 08 31 27 91
0x000000012b0aff18:   1f 01 00 f9 1f 11 00 79 95 3f 00 f9 e3 83 00 91
0x000000012b0aff28:   e4 23 00 91 e0 03 15 aa 21 00 80 52 e2 03 13 aa
0x000000012b0aff38:   6e fd ff 97 60 04 00 34 e0 83 00 91 01 00 80 52
0x000000012b0aff48:   26 62 01 94 e8 23 40 f9 68 04 00 b4 09 05 40 f9
0x000000012b0aff58:   29 65 40 39 c9 01 08 37 09 91 40 f9 29 31 42 39 


Stack slot to memory mapping:

stack at sp + 0 slots: 0x0 is null
stack at sp + 1 slots: 0x0000000ba46b8a00 points into unknown readable memory: 0x0000000ba4682c00 | 00 2c 68 a4 0b 00 00 00
stack at sp + 2 slots: 0x0 is null
stack at sp + 3 slots: 0x0 is null
stack at sp + 4 slots: 0x0000000b9fee03c0 points into unknown readable memory: 0x0000000000000000 | 00 00 00 00 00 00 00 00
stack at sp + 5 slots: 0x0 is null
stack at sp + 6 slots: 0x0 is null
stack at sp + 7 slots: 0x0 is null


Compiled method (c1) 173914 3463   !   2       jdk.internal.reflect.DirectMethodHandleAccessor::invoke (92 bytes)
 total in heap  [0x000000011218ce90,0x000000011218f2a8] = 9240
 relocation     [0x000000011218cfe0,0x000000011218d298] = 696
 main code      [0x000000011218d2c0,0x000000011218dcf8] = 2616
 stub code      [0x000000011218dcf8,0x000000011218e088] = 912
 oops           [0x000000011218e088,0x000000011218e0d8] = 80
 metadata       [0x000000011218e0d8,0x000000011218e1b8] = 224
 scopes data    [0x000000011218e1b8,0x000000011218e500] = 840
 scopes pcs     [0x000000011218e500,0x000000011218e9a0] = 1184
 dependencies   [0x000000011218e9a0,0x000000011218e9a8] = 8
 handler table  [0x000000011218e9a8,0x000000011218f1e8] = 2112
 nul chk table  [0x000000011218f1e8,0x000000011218f2a8] = 192

[Constant Pool (empty)]

[MachCode]
[Entry Point]
  # {method} {0x000000030019cb68} 'invoke' '(Ljava/lang/Object;[Ljava/lang/Object;)Ljava/lang/Object;' in 'jdk/internal/reflect/DirectMethodHandleAccessor'
  # this:     c_rarg1:c_rarg1 
                        = 'jdk/internal/reflect/DirectMethodHandleAccessor'
  # parm0:    c_rarg2:c_rarg2 
                        = 'java/lang/Object'
  # parm1:    c_rarg3:c_rarg3 
                        = '[Ljava/lang/Object;'
  #           [sp+0x180]  (sp of caller)
  0x000000011218d2c0: 2808 40b9 | 3f01 086b | c001 0054 

  0x000000011218d2cc: ;   {runtime_call ic_miss_stub}
  0x000000011218d2cc: edba ba15 | 1f20 03d5 | 1f20 03d5 | 1f20 03d5 | 1f20 03d5 | 1f20 03d5 | 1f20 03d5 | 1f20 03d5 
  0x000000011218d2ec: 1f20 03d5 | 1f20 03d5 | 1f20 03d5 | 1f20 03d5 | 1f20 03d5 
[Verified Entry Point]
  0x000000011218d300: 1f20 03d5 | e953 40d1 | 3f01 00f9 | ff03 06d1 | fd7b 17a9 | 2801 0018 | 8923 40b9 | 1f01 09eb 
  0x000000011218d320: e000 0054 | 0830 8bd2 | 8820 a3f2 | 2800 c0f2 | 0001 3fd6 | 0200 0014 | 0500 0000 | e15b 00f9 
  0x000000011218d340: e38b 0ba9 | 00b3 9ed2 | 20a0 a4f2 | 2000 c0f2 | 0408 40b9 | 8408 0011 | 0408 00b9 | 8428 1f12 
  0x000000011218d360: 9f00 0071 | 0040 0054 | 2010 40b9 | 0000 1712 | 1f00 0871 | e017 9f9a | 0000 0012 | 1f00 0071 
  0x000000011218d380: 2102 0054 | 2014 40b9 | 00f0 7dd3 

  0x000000011218d38c: ; implicit exception: dispatches to 0x000000011218db84
  0x000000011218d38c: 4408 40b9 | 8404 60d2 | 8438 40f9 | 8400 40f9 

  0x000000011218d39c: ; implicit exception: dispatches to 0x000000011218db88
  0x000000011218d39c: 1f00 40f9 | e203 04aa | e103 00aa 

  0x000000011218d3a8: ; ImmutableOopMap {[176]=Oop [184]=Oop [192]=Oop }
                      ;*invokevirtual isAssignableFrom {reexecute=0 rethrow=0 return_oop=0}
                      ; - jdk.internal.reflect.DirectMethodHandleAccessor::checkReceiver@8 (line 196)
                      ; - jdk.internal.reflect.DirectMethodHandleAccessor::invoke@9 (line 99)
                      ;   {optimized virtual_call}
  0x000000011218d3a8: aa95 d095 

  0x000000011218d3ac: ;   {other}
  0x000000011218d3ac: 1f20 03d5 | 9fa3 80f2 | 1f00 80f2 | 1f00 0071 | 4036 0054 | e15b 40f9 | 220c 40b9 | e103 02aa 
  0x000000011218d3cc: e25f 40f9 

  0x000000011218d3d0: ; ImmutableOopMap {[176]=Oop [184]=Oop [192]=Oop }
                      ;*invokestatic checkArgumentCount {reexecute=0 rethrow=0 return_oop=0}
                      ; - jdk.internal.reflect.DirectMethodHandleAccessor::invoke@17 (line 101)
                      ;   {static_call}
  0x000000011218d3d0: 5c29 fd97 

  0x000000011218d3d4: ;   {other}
  0x000000011218d3d4: 1f20 03d5 | 9fa8 80f2 | 1f20 80f2 | e15b 40f9 | 200c 40b9 | 1f00 0071 | 4011 0054 | 1f04 0071 
  0x000000011218d3f4: 400d 0054 | 1f08 0071 | 8008 0054 | 1f0c 0071 | 0003 0054 | 2018 40b9 | 00f0 7dd3 | e067 00f9 
  0x000000011218d414: ; implicit exception: dispatches to 0x000000011218db8c
  0x000000011218d414: 0210 40b9 | 42f0 7dd3 

  0x000000011218d41c: ;   {oop(a 'java/lang/invoke/MethodType'{0x00000007ffb9a9e0} = (Ljava/lang/Object;[Ljava/lang/Object;)Ljava/lang/Object;)}
  0x000000011218d41c: 033c 95d2 | 23f7 bff2 | e300 c0f2 | 5f00 03eb | 4120 0054 | 0214 40b9 | 42f0 7dd3 

  0x000000011218d438: ; implicit exception: dispatches to 0x000000011218db90
  0x000000011218d438: 421c 40b9 | 42f0 7dd3 | e303 1faa | 5f00 03eb | 6117 0054 | e103 00aa 

  0x000000011218d450: ; ImmutableOopMap {[176]=Oop [184]=Oop [192]=Oop [200]=Oop }
                      ;*invokestatic maybeCustomize {reexecute=0 rethrow=0 return_oop=0}
                      ; - java.lang.invoke.Invokers::checkCustomized@19 (line 627)
                      ; - java.lang.invoke.Invokers$Holder::invokeExact_MT@14
                      ; - jdk.internal.reflect.DirectMethodHandleAccessor::invokeImpl@104 (line 157)
                      ; - jdk.internal.reflect.DirectMethodHandleAccessor::invoke@23 (line 103)
                      ;   {static_call}
  0x000000011218d450: ccbc ba95 

  0x000000011218d454: ;   {other}
  0x000000011218d454: 1f20 03d5 | 9fb8 80f2 | 1f40 80f2 | b500 0014 | e35f 40f9 | 2018 40b9 | 00f0 7dd3 | e077 00f9 
  0x000000011218d474: ; implicit exception: dispatches to 0x000000011218db94
  0x000000011218d474: 620c 40b9 | 5f00 0071 | e938 0054 | 6210 40b9 | 42f0 7dd3 | e26b 00f9 | 640c 40b9 | 9f04 0071 
  0x000000011218d494: e938 0054 | 6414 40b9 | 84f0 7dd3 | e46f 00f9 | 650c 40b9 | bf08 0071 | e938 0054 | 6318 40b9 
  0x000000011218d4b4: 63f0 7dd3 | e373 00f9 

  0x000000011218d4bc: ; implicit exception: dispatches to 0x000000011218dbe0
  0x000000011218d4bc: 0510 40b9 | a5f0 7dd3 

  0x000000011218d4c4: ;   {oop(a 'java/lang/invoke/MethodType'{0x00000007802030d0} = (Ljava/lang/Object;Ljava/lang/Object;Ljava/lang/Object;Ljava/lang/Object;)Ljava/lang/Object;)}
  0x000000011218d4c4: 061a 86d2 | 0604 b0f2 | e600 c0f2 | bf00 06eb | 6119 0054 | 0514 40b9 | a5f0 7dd3 

  0x000000011218d4e0: ; implicit exception: dispatches to 0x000000011218dbe4
  0x000000011218d4e0: a51c 40b9 | a5f0 7dd3 | e603 1faa | bf00 06eb | 8110 0054 | e103 00aa 

  0x000000011218d4f8: ; ImmutableOopMap {[176]=Oop [192]=Oop [208]=Oop [216]=Oop [224]=Oop [232]=Oop }
                      ;*invokestatic maybeCustomize {reexecute=0 rethrow=0 return_oop=0}
                      ; - java.lang.invoke.Invokers::checkCustomized@19 (line 627)
                      ; - java.lang.invoke.LambdaForm$MH/0x00000003010b0000::invokeExact_MT@15
                      ; - jdk.internal.reflect.DirectMethodHandleAccessor::invokeImpl@92 (line 156)
                      ; - jdk.internal.reflect.DirectMethodHandleAccessor::invoke@23 (line 103)
                      ;   {static_call}
  0x000000011218d4f8: 328d f197 

  0x000000011218d4fc: ;   {other}
  0x000000011218d4fc: 1f20 03d5 | 9fcd 80f2 | 1f60 80f2 | 7e00 0014 | e35f 40f9 | 2018 40b9 | 00f0 7dd3 | e083 00f9 
  0x000000011218d51c: ; implicit exception: dispatches to 0x000000011218dbe8
  0x000000011218d51c: 620c 40b9 | 5f00 0071 | 4936 0054 | 6210 40b9 | 42f0 7dd3 | e27b 00f9 | 640c 40b9 | 9f04 0071 
  0x000000011218d53c: 4936 0054 | 6314 40b9 | 63f0 7dd3 | e37f 00f9 

  0x000000011218d54c: ; implicit exception: dispatches to 0x000000011218dc1c
  0x000000011218d54c: 0410 40b9 | 84f0 7dd3 

  0x000000011218d554: ;   {oop(a 'java/lang/invoke/MethodType'{0x0000000780204530} = (Ljava/lang/Object;Ljava/lang/Object;Ljava/lang/Object;)Ljava/lang/Object;)}
  0x000000011218d554: 05a6 88d2 | 0504 b0f2 | e500 c0f2 | 9f00 05eb | 4113 0054 | 0414 40b9 | 84f0 7dd3 

  0x000000011218d570: ; implicit exception: dispatches to 0x000000011218dc20
  0x000000011218d570: 841c 40b9 | 84f0 7dd3 | e503 1faa | 9f00 05eb | 610a 0054 | e103 00aa 

  0x000000011218d588: ; ImmutableOopMap {[176]=Oop [192]=Oop [240]=Oop [248]=Oop [256]=Oop }
                      ;*invokestatic maybeCustomize {reexecute=0 rethrow=0 return_oop=0}
                      ; - java.lang.invoke.Invokers::checkCustomized@19 (line 627)
                      ; - java.lang.invoke.LambdaForm$MH/0x0000000301002800::invokeExact_MT@15
                      ; - jdk.internal.reflect.DirectMethodHandleAccessor::invokeImpl@72 (line 155)
                      ; - jdk.internal.reflect.DirectMethodHandleAccessor::invoke@23 (line 103)
                      ;   {static_call}
  0x000000011218d588: 0e8d f197 

  0x000000011218d58c: ;   {other}
  0x000000011218d58c: 1f20 03d5 | 9fdf 80f2 | 1f80 80f2 | 4d00 0014 | e35f 40f9 | 2018 40b9 | 00f0 7dd3 | e08b 00f9 
  0x000000011218d5ac: ; implicit exception: dispatches to 0x000000011218dc24
  0x000000011218d5ac: 620c 40b9 | 5f00 0071 | a933 0054 | 6210 40b9 | 42f0 7dd3 | e287 00f9 

  0x000000011218d5c4: ; implicit exception: dispatches to 0x000000011218dc40
  0x000000011218d5c4: 0310 40b9 | 63f0 7dd3 

  0x000000011218d5cc: ;   {oop(a 'java/lang/invoke/MethodType'{0x0000000780204410} = (Ljava/lang/Object;Ljava/lang/Object;)Ljava/lang/Object;)}
  0x000000011218d5cc: 0482 88d2 | 0404 b0f2 | e400 c0f2 | 7f00 04eb | e10d 0054 | 0314 40b9 | 63f0 7dd3 

  0x000000011218d5e8: ; implicit exception: dispatches to 0x000000011218dc44
  0x000000011218d5e8: 631c 40b9 | 63f0 7dd3 | e403 1faa | 7f00 04eb | 2105 0054 | e103 00aa 

  0x000000011218d600: ; ImmutableOopMap {[176]=Oop [192]=Oop [264]=Oop [272]=Oop }
                      ;*invokestatic maybeCustomize {reexecute=0 rethrow=0 return_oop=0}
                      ; - java.lang.invoke.Invokers::checkCustomized@19 (line 627)
                      ; - java.lang.invoke.Invokers$Holder::invokeExact_MT@14
                      ; - jdk.internal.reflect.DirectMethodHandleAccessor::invokeImpl@55 (line 154)
                      ; - jdk.internal.reflect.DirectMethodHandleAccessor::invoke@23 (line 103)
                      ;   {static_call}
  0x000000011218d600: f08c f197 

  0x000000011218d604: ;   {other}
  0x000000011218d604: 1f20 03d5 | 9fee 80f2 | 1fa0 80f2 | 2300 0014 | 2018 40b9 | 00f0 7dd3 | e08f 00f9 

  0x000000011218d620: ; implicit exception: dispatches to 0x000000011218dc48
  0x000000011218d620: 0210 40b9 | 42f0 7dd3 

  0x000000011218d628: ;   {oop(a 'java/lang/invoke/MethodType'{0x00000007802042f8} = (Ljava/lang/Object;)Ljava/lang/Object;)}
  0x000000011218d628: 035f 88d2 | 0304 b0f2 | e300 c0f2 | 5f00 03eb | 6109 0054 | 0214 40b9 | 42f0 7dd3 

  0x000000011218d644: ; implicit exception: dispatches to 0x000000011218dc4c
  0x000000011218d644: 421c 40b9 | 42f0 7dd3 | e303 1faa | 5f00 03eb | c100 0054 | e103 00aa 

  0x000000011218d65c: ; ImmutableOopMap {[176]=Oop [192]=Oop [280]=Oop }
                      ;*invokestatic maybeCustomize {reexecute=0 rethrow=0 return_oop=0}
                      ; - java.lang.invoke.Invokers::checkCustomized@19 (line 627)
                      ; - java.lang.invoke.Invokers$Holder::invokeExact_MT@14
                      ; - jdk.internal.reflect.DirectMethodHandleAccessor::invokeImpl@41 (line 153)
                      ; - jdk.internal.reflect.DirectMethodHandleAccessor::invoke@23 (line 103)
                      ;   {static_call}
  0x000000011218d65c: d98c f197 

  0x000000011218d660: ;   {other}
  0x000000011218d660: 1f20 03d5 | 1ffa 80f2 | 1fc0 80f2 | e263 40f9 | e18f 40f9 

  0x000000011218d674: ; ImmutableOopMap {[176]=Oop }
                      ;*invokevirtual invokeBasic {reexecute=0 rethrow=0 return_oop=0}
                      ; - java.lang.invoke.Invokers$Holder::invokeExact_MT@19
                      ; - jdk.internal.reflect.DirectMethodHandleAccessor::invokeImpl@41 (line 153)
                      ; - jdk.internal.reflect.DirectMethodHandleAccessor::invoke@23 (line 103)
                      ;   {optimized virtual_call}
  0x000000011218d674: 232d d095 

  0x000000011218d678: ;   {other}
  0x000000011218d678: 1f20 03d5 | 1ffd 80f2 | 1fe0 80f2 | fd7b 57a9 | ff03 0691 

  0x000000011218d68c: ;   {poll_return}
  0x000000011218d68c: 8827 42f9 | ff63 28eb | e82d 0054 | c003 5fd6 | e263 40f9 | e387 50a9 

  0x000000011218d6a4: ; ImmutableOopMap {[176]=Oop }
                      ;*invokevirtual invokeBasic {reexecute=0 rethrow=0 return_oop=0}
                      ; - java.lang.invoke.Invokers$Holder::invokeExact_MT@20
                      ; - jdk.internal.reflect.DirectMethodHandleAccessor::invokeImpl@55 (line 154)
                      ; - jdk.internal.reflect.DirectMethodHandleAccessor::invoke@23 (line 103)
                      ;   {optimized virtual_call}
  0x000000011218d6a4: f78b d095 

  0x000000011218d6a8: ;   {other}
  0x000000011218d6a8: 1f20 03d5 | 1f03 81f2 | 1f00 81f2 | fd7b 57a9 | ff03 0691 

  0x000000011218d6bc: ;   {poll_return}
  0x000000011218d6bc: 8827 42f9 | ff63 28eb | c82c 0054 | c003 5fd6 | e263 40f9 | e313 4fa9 | e183 40f9 

  0x000000011218d6d8: ; ImmutableOopMap {[176]=Oop }
                      ;*invokevirtual invokeBasic {reexecute=0 rethrow=0 return_oop=0}
                      ; - java.lang.invoke.LambdaForm$MH/0x0000000301002800::invokeExact_MT@22
                      ; - jdk.internal.reflect.DirectMethodHandleAccessor::invokeImpl@72 (line 155)
                      ; - jdk.internal.reflect.DirectMethodHandleAccessor::invoke@23 (line 103)
                      ;   {optimized virtual_call}
  0x000000011218d6d8: ca95 d095 

  0x000000011218d6dc: ;   {other}
  0x000000011218d6dc: 1f20 03d5 | 9f09 81f2 | 1f20 81f2 | fd7b 57a9 | ff03 0691 

  0x000000011218d6f0: ;   {poll_return}
  0x000000011218d6f0: 8827 42f9 | ff63 28eb | 882b 0054 | c003 5fd6 | e263 40f9 | e313 4da9 | e507 4ea9 

  0x000000011218d70c: ; ImmutableOopMap {[176]=Oop }
                      ;*invokevirtual invokeBasic {reexecute=0 rethrow=0 return_oop=0}
                      ; - java.lang.invoke.LambdaForm$MH/0x00000003010b0000::invokeExact_MT@24
                      ; - jdk.internal.reflect.DirectMethodHandleAccessor::invokeImpl@92 (line 156)
                      ; - jdk.internal.reflect.DirectMethodHandleAccessor::invoke@23 (line 103)
                      ;   {optimized virtual_call}
  0x000000011218d70c: dd8e d095 

  0x000000011218d710: ;   {other}
  0x000000011218d710: 1f20 03d5 | 1f10 81f2 | 1f40 81f2 | fd7b 57a9 | ff03 0691 

  0x000000011218d724: ;   {poll_return}
  0x000000011218d724: 8827 42f9 | ff63 28eb | 482a 0054 | c003 5fd6 | e38b 4ba9 | e167 40f9 

  0x000000011218d73c: ; ImmutableOopMap {[176]=Oop }
                      ;*invokevirtual invokeBasic {reexecute=0 rethrow=0 return_oop=0}
                      ; - java.lang.invoke.Invokers$Holder::invokeExact_MT@20
                      ; - jdk.internal.reflect.DirectMethodHandleAccessor::invokeImpl@104 (line 157)
                      ; - jdk.internal.reflect.DirectMethodHandleAccessor::invoke@23 (line 103)
                      ;   {optimized virtual_call}
  0x000000011218d73c: 91ba ba95 

  0x000000011218d740: ;   {other}
  0x000000011218d740: 1f20 03d5 | 1f16 81f2 | 1f60 81f2 | fd7b 57a9 | ff03 0691 

  0x000000011218d754: ;   {poll_return}
  0x000000011218d754: 8827 42f9 | ff63 28eb | 2829 0054 | c003 5fd6 

  0x000000011218d764: ;   {oop(a 'java/lang/invoke/MethodType'{0x00000007802042f8} = (Ljava/lang/Object;)Ljava/lang/Object;)}
  0x000000011218d764: 035f 88d2 | 0304 b0f2 | e300 c0f2 | e103 02aa | e203 03aa 

  0x000000011218d778: ; ImmutableOopMap {[176]=Oop [192]=Oop [280]=Oop }
                      ;*invokestatic newWrongMethodTypeException {reexecute=0 rethrow=0 return_oop=0}
                      ; - java.lang.invoke.Invokers::checkExactType@12 (line 531)
                      ; - java.lang.invoke.Invokers$Holder::invokeExact_MT@10
                      ; - jdk.internal.reflect.DirectMethodHandleAccessor::invokeImpl@41 (line 153)
                      ; - jdk.internal.reflect.DirectMethodHandleAccessor::invoke@23 (line 103)
                      ;   {static_call}
  0x000000011218d778: 02bc ba95 

  0x000000011218d77c: ;   {other}
  0x000000011218d77c: 1f20 03d5 | 9f1d 81f2 | 1f80 81f2 

  0x000000011218d788: ; implicit exception: dispatches to 0x000000011218dc8c
                      ; ImmutableOopMap {c_rarg0=Oop [176]=Oop [192]=Oop [280]=Oop }
                      ;*athrow {reexecute=1 rethrow=0 return_oop=0}
                      ; - (reexecute) java.lang.invoke.Invokers::checkExactType@15 (line 531)
                      ; - java.lang.invoke.Invokers$Holder::invokeExact_MT@10
                      ; - jdk.internal.reflect.DirectMethodHandleAccessor::invokeImpl@41 (line 153)
                      ; - jdk.internal.reflect.DirectMethodHandleAccessor::invoke@23 (line 103)
  0x000000011218d788: 1f00 40f9 

  0x000000011218d78c: ;   {section_word}
  0x000000011218d78c: 0300 0010 

  0x000000011218d790: ;   {runtime_call handle_exception_nofpu Runtime1 stub}
  0x000000011218d790: 1c19 be95 | 1f20 03d5 

  0x000000011218d798: ;   {oop(a 'java/lang/invoke/MethodType'{0x0000000780204410} = (Ljava/lang/Object;Ljava/lang/Object;)Ljava/lang/Object;)}
  0x000000011218d798: 0482 88d2 | 0404 b0f2 | e400 c0f2 | e103 03aa | e203 04aa 

  0x000000011218d7ac: ; ImmutableOopMap {[176]=Oop [192]=Oop [264]=Oop [272]=Oop }
                      ;*invokestatic newWrongMethodTypeException {reexecute=0 rethrow=0 return_oop=0}
                      ; - java.lang.invoke.Invokers::checkExactType@12 (line 531)
                      ; - java.lang.invoke.Invokers$Holder::invokeExact_MT@10
                      ; - jdk.internal.reflect.DirectMethodHandleAccessor::invokeImpl@55 (line 154)
                      ; - jdk.internal.reflect.DirectMethodHandleAccessor::invoke@23 (line 103)
                      ;   {static_call}
  0x000000011218d7ac: f5bb ba95 

  0x000000011218d7b0: ;   {other}
  0x000000011218d7b0: 1f20 03d5 | 1f24 81f2 | 1fc0 81f2 

  0x000000011218d7bc: ; implicit exception: dispatches to 0x000000011218dc90
                      ; ImmutableOopMap {c_rarg0=Oop [176]=Oop [192]=Oop [264]=Oop [272]=Oop }
                      ;*athrow {reexecute=1 rethrow=0 return_oop=0}
                      ; - (reexecute) java.lang.invoke.Invokers::checkExactType@15 (line 531)
                      ; - java.lang.invoke.Invokers$Holder::invokeExact_MT@10
                      ; - jdk.internal.reflect.DirectMethodHandleAccessor::invokeImpl@55 (line 154)
                      ; - jdk.internal.reflect.DirectMethodHandleAccessor::invoke@23 (line 103)
  0x000000011218d7bc: 1f00 40f9 

  0x000000011218d7c0: ;   {section_word}
  0x000000011218d7c0: 0300 0010 

  0x000000011218d7c4: ;   {runtime_call handle_exception_nofpu Runtime1 stub}
  0x000000011218d7c4: 0f19 be95 | 1f20 03d5 

  0x000000011218d7cc: ;   {oop(a 'java/lang/invoke/MethodType'{0x0000000780204530} = (Ljava/lang/Object;Ljava/lang/Object;Ljava/lang/Object;)Ljava/lang/Object;)}
  0x000000011218d7cc: 05a6 88d2 | 0504 b0f2 | e500 c0f2 | e103 04aa | e203 05aa 

  0x000000011218d7e0: ; ImmutableOopMap {[176]=Oop [192]=Oop [240]=Oop [248]=Oop [256]=Oop }
                      ;*invokestatic newWrongMethodTypeException {reexecute=0 rethrow=0 return_oop=0}
                      ; - java.lang.invoke.Invokers::checkExactType@12 (line 531)
                      ; - java.lang.invoke.LambdaForm$MH/0x0000000301002800::invokeExact_MT@11
                      ; - jdk.internal.reflect.DirectMethodHandleAccessor::invokeImpl@72 (line 155)
                      ; - jdk.internal.reflect.DirectMethodHandleAccessor::invoke@23 (line 103)
                      ;   {static_call}
  0x000000011218d7e0: e8bb ba95 

  0x000000011218d7e4: ;   {other}
  0x000000011218d7e4: 1f20 03d5 | 9f2a 81f2 | 1f00 82f2 

  0x000000011218d7f0: ; implicit exception: dispatches to 0x000000011218dc94
                      ; ImmutableOopMap {c_rarg0=Oop [176]=Oop [192]=Oop [240]=Oop [248]=Oop [256]=Oop }
                      ;*athrow {reexecute=1 rethrow=0 return_oop=0}
                      ; - (reexecute) java.lang.invoke.Invokers::checkExactType@15 (line 531)
                      ; - java.lang.invoke.LambdaForm$MH/0x0000000301002800::invokeExact_MT@11
                      ; - jdk.internal.reflect.DirectMethodHandleAccessor::invokeImpl@72 (line 155)
                      ; - jdk.internal.reflect.DirectMethodHandleAccessor::invoke@23 (line 103)
  0x000000011218d7f0: 1f00 40f9 

  0x000000011218d7f4: ;   {section_word}
  0x000000011218d7f4: 0300 0010 

  0x000000011218d7f8: ;   {runtime_call handle_exception_nofpu Runtime1 stub}
  0x000000011218d7f8: 0219 be95 | 1f20 03d5 

  0x000000011218d800: ;   {oop(a 'java/lang/invoke/MethodType'{0x00000007802030d0} = (Ljava/lang/Object;Ljava/lang/Object;Ljava/lang/Object;Ljava/lang/Object;)Ljava/lang/Object;)}
  0x000000011218d800: 061a 86d2 | 0604 b0f2 | e600 c0f2 | e103 05aa | e203 06aa 

  0x000000011218d814: ; ImmutableOopMap {[176]=Oop [192]=Oop [208]=Oop [216]=Oop [224]=Oop [232]=Oop }
                      ;*invokestatic newWrongMethodTypeException {reexecute=0 rethrow=0 return_oop=0}
                      ; - java.lang.invoke.Invokers::checkExactType@12 (line 531)
                      ; - java.lang.invoke.LambdaForm$MH/0x00000003010b0000::invokeExact_MT@11
                      ; - jdk.internal.reflect.DirectMethodHandleAccessor::invokeImpl@92 (line 156)
                      ; - jdk.internal.reflect.DirectMethodHandleAccessor::invoke@23 (line 103)
                      ;   {static_call}
  0x000000011218d814: dbbb ba95 

  0x000000011218d818: ;   {other}
  0x000000011218d818: 1f20 03d5 | 1f31 81f2 | 1f40 82f2 

  0x000000011218d824: ; implicit exception: dispatches to 0x000000011218dc98
                      ; ImmutableOopMap {c_rarg0=Oop [176]=Oop [192]=Oop [208]=Oop [216]=Oop [224]=Oop [232]=Oop }
                      ;*athrow {reexecute=1 rethrow=0 return_oop=0}
                      ; - (reexecute) java.lang.invoke.Invokers::checkExactType@15 (line 531)
                      ; - java.lang.invoke.LambdaForm$MH/0x00000003010b0000::invokeExact_MT@11
                      ; - jdk.internal.reflect.DirectMethodHandleAccessor::invokeImpl@92 (line 156)
                      ; - jdk.internal.reflect.DirectMethodHandleAccessor::invoke@23 (line 103)
  0x000000011218d824: 1f00 40f9 

  0x000000011218d828: ;   {section_word}
  0x000000011218d828: 0300 0010 

  0x000000011218d82c: ;   {runtime_call handle_exception_nofpu Runtime1 stub}
  0x000000011218d82c: f518 be95 | 1f20 03d5 

  0x000000011218d834: ;   {oop(a 'java/lang/invoke/MethodType'{0x00000007ffb9a9e0} = (Ljava/lang/Object;[Ljava/lang/Object;)Ljava/lang/Object;)}
  0x000000011218d834: 043c 95d2 | 24f7 bff2 | e400 c0f2 | e103 02aa | e203 04aa 

  0x000000011218d848: ; ImmutableOopMap {[176]=Oop [184]=Oop [192]=Oop [200]=Oop }
                      ;*invokestatic newWrongMethodTypeException {reexecute=0 rethrow=0 return_oop=0}
                      ; - java.lang.invoke.Invokers::checkExactType@12 (line 531)
                      ; - java.lang.invoke.Invokers$Holder::invokeExact_MT@10
                      ; - jdk.internal.reflect.DirectMethodHandleAccessor::invokeImpl@104 (line 157)
                      ; - jdk.internal.reflect.DirectMethodHandleAccessor::invoke@23 (line 103)
                      ;   {static_call}
  0x000000011218d848: cebb ba95 

  0x000000011218d84c: ;   {other}
  0x000000011218d84c: 1f20 03d5 | 9f37 81f2 | 1f80 82f2 

  0x000000011218d858: ; implicit exception: dispatches to 0x000000011218dc9c
                      ; ImmutableOopMap {c_rarg0=Oop [176]=Oop [184]=Oop [192]=Oop [200]=Oop }
                      ;*athrow {reexecute=1 rethrow=0 return_oop=0}
                      ; - (reexecute) java.lang.invoke.Invokers::checkExactType@15 (line 531)
                      ; - java.lang.invoke.Invokers$Holder::invokeExact_MT@10
                      ; - jdk.internal.reflect.DirectMethodHandleAccessor::invokeImpl@104 (line 157)
                      ; - jdk.internal.reflect.DirectMethodHandleAccessor::invoke@23 (line 103)
  0x000000011218d858: 1f00 40f9 

  0x000000011218d85c: ;   {section_word}
  0x000000011218d85c: 0300 0010 

  0x000000011218d860: ;   {runtime_call handle_exception_nofpu Runtime1 stub}
  0x000000011218d860: e818 be95 | 1f20 03d5 | 807f 42f9 | 9f7f 02f9 | 9f83 02f9 

  0x000000011218d874: ;   {oop(a 'java/lang/Class'{0x00000007ffeb6fa8} = 'jdk/internal/reflect/DirectMethodHandleAccessor')}
  0x000000011218d874: 01f5 8dd2 | 61fd bff2 | e100 c0f2 | e203 00aa | e093 00f9 

  0x000000011218d888: ; ImmutableOopMap {[288]=Oop }
                      ;*invokestatic isIllegalArgument {reexecute=0 rethrow=0 return_oop=0}
                      ; - jdk.internal.reflect.DirectMethodHandleAccessor::isIllegalArgument@3 (line 191)
                      ; - jdk.internal.reflect.DirectMethodHandleAccessor::invoke@58 (line 112)
                      ;   {static_call}
  0x000000011218d888: bebb ba95 

  0x000000011218d88c: ;   {other}
  0x000000011218d88c: 1f20 03d5 | 9f3f 81f2 | 1fc0 82f2 | 0000 0012 | 1f00 0071 | c00b 0054 | 4500 0014 | 807f 42f9 
  0x000000011218d8ac: 9f7f 02f9 | 9f83 02f9 

  0x000000011218d8b4: ;   {oop(a 'java/lang/Class'{0x00000007ffeb6fa8} = 'jdk/internal/reflect/DirectMethodHandleAccessor')}
  0x000000011218d8b4: 01f5 8dd2 | 61fd bff2 | e100 c0f2 | e203 00aa | e097 00f9 

  0x000000011218d8c8: ; ImmutableOopMap {[296]=Oop }
                      ;*invokestatic isIllegalArgument {reexecute=0 rethrow=0 return_oop=0}
                      ; - jdk.internal.reflect.DirectMethodHandleAccessor::isIllegalArgument@3 (line 191)
                      ; - jdk.internal.reflect.DirectMethodHandleAccessor::invoke@30 (line 105)
                      ;   {static_call}
  0x000000011218d8c8: aebb ba95 

  0x000000011218d8cc: ;   {other}
  0x000000011218d8cc: 1f20 03d5 | 9f47 81f2 | 1fe0 82f2 | 0300 0012 | 7f00 0071 | 6003 0054 

  0x000000011218d8e4: ; ImmutableOopMap {}
                      ;*new {reexecute=0 rethrow=0 return_oop=0}
                      ; - jdk.internal.reflect.DirectMethodHandleAccessor::invoke@36 (line 107)
                      ;   {runtime_call load_mirror_patching Runtime1 stub}
  0x000000011218d8e4: 0725 be95 | 80df 40f9 | 0ba0 0091 | 88e7 40f9 | 7f01 08eb | 481d 0054 | 8bdf 00f9 | ea03 40b2 
  0x000000011218d904: 0a00 00f9 | 6a04 60d2 | 0a7c 0129 | 0a40 0091 | 5f01 00f9 | 5ffd 00a9 | bf3a 03d5 

  0x000000011218d920: ;   {oop("argument type mismatch"{0x00000007ffe08310})}
  0x000000011218d920: 0262 90d2 | 02fc bff2 | e200 c0f2 | e103 00aa | e09b 00f9 

  0x000000011218d934: ; ImmutableOopMap {[304]=Oop }
                      ;*invokespecial <init> {reexecute=0 rethrow=0 return_oop=0}
                      ; - jdk.internal.reflect.DirectMethodHandleAccessor::invoke@42 (line 107)
                      ;   {optimized virtual_call}
  0x000000011218d934: 13ba ba95 

  0x000000011218d938: ;   {other}
  0x000000011218d938: 1f20 03d5 | 1f55 81f2 | 1f20 83f2 | e09b 40f9 | e800 0014 | e297 40f9 

  0x000000011218d950: ; ImmutableOopMap {c_rarg2=Oop }
                      ;*new {reexecute=0 rethrow=0 return_oop=0}
                      ; - jdk.internal.reflect.DirectMethodHandleAccessor::invoke@46 (line 109)
                      ;   {runtime_call load_mirror_patching Runtime1 stub}
  0x000000011218d950: ec24 be95 | 6884 4439 | 1f11 0071 

  0x000000011218d95c: ; implicit exception: dispatches to 0x000000011218dca8
  0x000000011218d95c: 811a 0054 | 80df 40f9 | 0ba0 0091 | 88e7 40f9 | 7f01 08eb | e819 0054 | 8bdf 00f9 | ea03 40b2 
  0x000000011218d97c: 0a00 00f9 | 6a04 60d2 | 0a7c 0129 | 0a40 0091 | 5f01 00f9 | 5ffd 00a9 | bf3a 03d5 | e103 00aa 
  0x000000011218d99c: e09f 00f9 

  0x000000011218d9a0: ; ImmutableOopMap {[312]=Oop }
                      ;*invokespecial <init> {reexecute=0 rethrow=0 return_oop=0}
                      ; - jdk.internal.reflect.DirectMethodHandleAccessor::invoke@51 (line 109)
                      ;   {optimized virtual_call}
  0x000000011218d9a0: f8b9 ba95 

  0x000000011218d9a4: ;   {other}
  0x000000011218d9a4: 1f20 03d5 | 9f62 81f2 | 1f60 83f2 | e09f 40f9 | cd00 0014 

  0x000000011218d9b8: ; ImmutableOopMap {[288]=Oop }
                      ;*new {reexecute=0 rethrow=0 return_oop=0}
                      ; - jdk.internal.reflect.DirectMethodHandleAccessor::invoke@64 (line 113)
                      ;   {runtime_call load_mirror_patching Runtime1 stub}
  0x000000011218d9b8: d224 be95 | 80df 40f9 | 0ba0 0091 | 88e7 40f9 | 7f01 08eb | 4817 0054 | 8bdf 00f9 | ea03 40b2 
  0x000000011218d9d8: 0a00 00f9 | 6a04 60d2 | 0a7c 0129 | 0a40 0091 | 5f01 00f9 | 5ffd 00a9 | bf3a 03d5 | e293 40f9 
  0x000000011218d9f8: e103 00aa | e0a3 00f9 

  0x000000011218da00: ; ImmutableOopMap {[320]=Oop }
                      ;*invokespecial <init> {reexecute=0 rethrow=0 return_oop=0}
                      ; - jdk.internal.reflect.DirectMethodHandleAccessor::invoke@69 (line 113)
                      ;   {optimized virtual_call}
  0x000000011218da00: e0b9 ba95 

  0x000000011218da04: ;   {other}
  0x000000011218da04: 1f20 03d5 | 9f6e 81f2 | 1fa0 83f2 | e0a3 40f9 | b500 0014 | e293 40f9 

  0x000000011218da1c: ; ImmutableOopMap {c_rarg2=Oop }
                      ;*new {reexecute=0 rethrow=0 return_oop=0}
                      ; - jdk.internal.reflect.DirectMethodHandleAccessor::invoke@73 (line 115)
                      ;   {runtime_call load_mirror_patching Runtime1 stub}
  0x000000011218da1c: b924 be95 | 6884 4439 | 1f11 0071 

  0x000000011218da28: ; implicit exception: dispatches to 0x000000011218dcbc
  0x000000011218da28: c114 0054 | 80df 40f9 | 0ba0 0091 | 88e7 40f9 | 7f01 08eb | 2814 0054 | 8bdf 00f9 | ea03 40b2 
  0x000000011218da48: 0a00 00f9 | 6a04 60d2 | 0a7c 0129 | 0a40 0091 | 5f01 00f9 | 5ffd 00a9 | bf3a 03d5 | e103 00aa 
  0x000000011218da68: e0a7 00f9 

  0x000000011218da6c: ; ImmutableOopMap {[328]=Oop }
                      ;*invokespecial <init> {reexecute=0 rethrow=0 return_oop=0}
                      ; - jdk.internal.reflect.DirectMethodHandleAccessor::invoke@78 (line 115)
                      ;   {optimized virtual_call}
  0x000000011218da6c: c5b9 ba95 

  0x000000011218da70: ;   {other}
  0x000000011218da70: 1f20 03d5 | 1f7c 81f2 | 1fe0 83f2 | e0a7 40f9 | 9a00 0014 

  0x000000011218da84: ; ImmutableOopMap {[176]=Oop [184]=Oop [192]=Oop }
                      ;*new {reexecute=0 rethrow=0 return_oop=0}
                      ; - jdk.internal.reflect.DirectMethodHandleAccessor::checkReceiver@14 (line 197)
                      ; - jdk.internal.reflect.DirectMethodHandleAccessor::invoke@9 (line 99)
                      ;   {runtime_call load_mirror_patching Runtime1 stub}
  0x000000011218da84: 9f24 be95 | 80df 40f9 | 0ba0 0091 | 88e7 40f9 | 7f01 08eb | 8811 0054 | 8bdf 00f9 | ea03 40b2 
  0x000000011218daa4: 0a00 00f9 | 6a04 60d2 | 0a7c 0129 | 0a40 0091 | 5f01 00f9 | 5ffd 00a9 | bf3a 03d5 

  0x000000011218dac0: ;   {oop("object is not an instance of declaring class"{0x00000007ffe45038})}
  0x000000011218dac0: 0207 8ad2 | 82fc bff2 | e200 c0f2 | e103 00aa | e0ab 00f9 

  0x000000011218dad4: ; ImmutableOopMap {[176]=Oop [184]=Oop [192]=Oop [336]=Oop }
                      ;*invokespecial <init> {reexecute=0 rethrow=0 return_oop=0}
                      ; - jdk.internal.reflect.DirectMethodHandleAccessor::checkReceiver@20 (line 197)
                      ; - jdk.internal.reflect.DirectMethodHandleAccessor::invoke@9 (line 99)
                      ;   {optimized virtual_call}
  0x000000011218dad4: abb9 ba95 

  0x000000011218dad8: ;   {other}
  0x000000011218dad8: 1f20 03d5 | 1f89 81f2 | 1f20 84f2 | e0ab 40f9 | 8000 0014 | 807f 42f9 | 9f7f 02f9 | 9f83 02f9 
  0x000000011218daf8: e203 00aa 

  0x000000011218dafc: ; ImmutableOopMap {c_rarg2=Oop }
                      ;*new {reexecute=0 rethrow=0 return_oop=0}
                      ; - jdk.internal.reflect.DirectMethodHandleAccessor::invoke@83 (line 118)
                      ;   {runtime_call load_mirror_patching Runtime1 stub}
  0x000000011218dafc: 8124 be95 | 6884 4439 | 1f11 0071 

  0x000000011218db08: ; implicit exception: dispatches to 0x000000011218dcd0
  0x000000011218db08: 610e 0054 | 80df 40f9 | 0ba0 0091 | 88e7 40f9 | 7f01 08eb | c80d 0054 | 8bdf 00f9 | ea03 40b2 
  0x000000011218db28: 0a00 00f9 | 6a04 60d2 | 0a7c 0129 | 0a40 0091 | 5f01 00f9 | 5ffd 00a9 | bf3a 03d5 | e103 00aa 
  0x000000011218db48: e0af 00f9 

  0x000000011218db4c: ; ImmutableOopMap {[344]=Oop }
                      ;*invokespecial <init> {reexecute=0 rethrow=0 return_oop=0}
                      ; - jdk.internal.reflect.DirectMethodHandleAccessor::invoke@88 (line 118)
                      ;   {optimized virtual_call}
  0x000000011218db4c: 8db9 ba95 

  0x000000011218db50: ;   {other}
  0x000000011218db50: 1f20 03d5 | 1f98 81f2 | 1f60 84f2 | e0af 40f9 | 6200 0014 

  0x000000011218db64: ;   {metadata({method} {0x000000030019cb68} 'invoke' '(Ljava/lang/Object;[Ljava/lang/Object;)Ljava/lang/Object;' in 'jdk/internal/reflect/DirectMethodHandleAccessor')}
  0x000000011218db64: 086d 99d2 | 2803 a0f2 | 6800 c0f2 | e807 00f9 | 0800 8092 | e803 00f9 

  0x000000011218db7c: ; ImmutableOopMap {c_rarg1=Oop c_rarg2=Oop c_rarg3=Oop [176]=Oop [184]=Oop [192]=Oop }
                      ;*synchronization entry
                      ; - jdk.internal.reflect.DirectMethodHandleAccessor::invoke@-1 (line 98)
                      ;   {runtime_call counter_overflow Runtime1 stub}
  0x000000011218db7c: a126 be95 | fafd ff17 

  0x000000011218db84: ; ImmutableOopMap {c_rarg1=Oop c_rarg2=Oop c_rarg0=Oop [176]=Oop [184]=Oop [192]=Oop }
                      ;*invokevirtual getClass {reexecute=0 rethrow=0 return_oop=0}
                      ; - jdk.internal.reflect.DirectMethodHandleAccessor::checkReceiver@5 (line 196)
                      ; - jdk.internal.reflect.DirectMethodHandleAccessor::invoke@9 (line 99)
                      ;   {runtime_call throw_null_pointer_exception Runtime1 stub}
  0x000000011218db84: 9f0e be95 

  0x000000011218db88: ; ImmutableOopMap {c_rarg1=Oop c_rarg2=Oop c_rarg0=Oop c_rarg4=Oop [176]=Oop [184]=Oop [192]=Oop }
                      ;*invokevirtual isAssignableFrom {reexecute=0 rethrow=0 return_oop=0}
                      ; - jdk.internal.reflect.DirectMethodHandleAccessor::checkReceiver@8 (line 196)
                      ; - jdk.internal.reflect.DirectMethodHandleAccessor::invoke@9 (line 99)
                      ;   {runtime_call throw_null_pointer_exception Runtime1 stub}
  0x000000011218db88: 9e0e be95 

  0x000000011218db8c: ; ImmutableOopMap {c_rarg1=Oop c_rarg0=Oop [176]=Oop [184]=Oop [192]=Oop [200]=Oop }
                      ;*invokevirtual type {reexecute=0 rethrow=0 return_oop=0}
                      ; - java.lang.invoke.Invokers::checkExactType@1 (line 529)
                      ; - java.lang.invoke.Invokers$Holder::invokeExact_MT@10
                      ; - jdk.internal.reflect.DirectMethodHandleAccessor::invokeImpl@104 (line 157)
                      ; - jdk.internal.reflect.DirectMethodHandleAccessor::invoke@23 (line 103)
                      ;   {runtime_call throw_null_pointer_exception Runtime1 stub}
  0x000000011218db8c: 9d0e be95 

  0x000000011218db90: ; ImmutableOopMap {c_rarg1=Oop c_rarg0=Oop [176]=Oop [184]=Oop [192]=Oop [200]=Oop }
                      ;*getfield customized {reexecute=1 rethrow=0 return_oop=0}
                      ; - (reexecute) java.lang.invoke.Invokers::checkCustomized@12 (line 626)
                      ; - java.lang.invoke.Invokers$Holder::invokeExact_MT@14
                      ; - jdk.internal.reflect.DirectMethodHandleAccessor::invokeImpl@104 (line 157)
                      ; - jdk.internal.reflect.DirectMethodHandleAccessor::invoke@23 (line 103)
                      ;   {runtime_call throw_null_pointer_exception Runtime1 stub}
  0x000000011218db90: 9c0e be95 

  0x000000011218db94: ; ImmutableOopMap {c_rarg1=Oop c_rarg3=Oop c_rarg0=Oop [176]=Oop [184]=Oop [192]=Oop [232]=Oop }
                      ;*aaload {reexecute=0 rethrow=0 return_oop=0}
                      ; - jdk.internal.reflect.DirectMethodHandleAccessor::invokeImpl@85 (line 156)
                      ; - jdk.internal.reflect.DirectMethodHandleAccessor::invoke@23 (line 103)
                      ;   {runtime_call throw_null_pointer_exception Runtime1 stub}
  0x000000011218db94: 9b0e be95 | 0800 80d2 | e903 03aa 

  0x000000011218dba0: ;   {runtime_call throw_range_check_failed Runtime1 stub}
  0x000000011218dba0: 1ec0 80d2 | 3e22 a3f2 | 3e00 c0f2 

  0x000000011218dbac: ; ImmutableOopMap {c_rarg1=Oop c_rarg3=Oop c_rarg0=Oop [176]=Oop [184]=Oop [192]=Oop [232]=Oop }
                      ;*aaload {reexecute=0 rethrow=0 return_oop=0}
                      ; - jdk.internal.reflect.DirectMethodHandleAccessor::invokeImpl@85 (line 156)
                      ; - jdk.internal.reflect.DirectMethodHandleAccessor::invoke@23 (line 103)
  0x000000011218dbac: c003 3fd6 | e803 40b2 | e903 03aa 

  0x000000011218dbb8: ;   {runtime_call throw_range_check_failed Runtime1 stub}
  0x000000011218dbb8: 1ec0 80d2 | 3e22 a3f2 | 3e00 c0f2 

  0x000000011218dbc4: ; ImmutableOopMap {c_rarg1=Oop c_rarg3=Oop c_rarg0=Oop c_rarg2=Oop [176]=Oop [184]=Oop [192]=Oop [208]=Oop [232]=Oop }
                      ;*aaload {reexecute=0 rethrow=0 return_oop=0}
                      ; - jdk.internal.reflect.DirectMethodHandleAccessor::invokeImpl@88 (line 156)
                      ; - jdk.internal.reflect.DirectMethodHandleAccessor::invoke@23 (line 103)
  0x000000011218dbc4: c003 3fd6 | e803 7fb2 | e903 03aa 

  0x000000011218dbd0: ;   {runtime_call throw_range_check_failed Runtime1 stub}
  0x000000011218dbd0: 1ec0 80d2 | 3e22 a3f2 | 3e00 c0f2 

  0x000000011218dbdc: ; ImmutableOopMap {c_rarg1=Oop c_rarg3=Oop c_rarg0=Oop c_rarg2=Oop c_rarg4=Oop [176]=Oop [184]=Oop [192]=Oop [208]=Oop [216]=Oop [232]=Oop }
                      ;*aaload {reexecute=0 rethrow=0 return_oop=0}
                      ; - jdk.internal.reflect.DirectMethodHandleAccessor::invokeImpl@91 (line 156)
                      ; - jdk.internal.reflect.DirectMethodHandleAccessor::invoke@23 (line 103)
  0x000000011218dbdc: c003 3fd6 

  0x000000011218dbe0: ; ImmutableOopMap {c_rarg1=Oop c_rarg0=Oop c_rarg2=Oop c_rarg4=Oop c_rarg3=Oop [176]=Oop [192]=Oop [208]=Oop [216]=Oop [224]=Oop [232]=Oop }
                      ;*invokevirtual type {reexecute=0 rethrow=0 return_oop=0}
                      ; - java.lang.invoke.Invokers::checkExactType@1 (line 529)
                      ; - java.lang.invoke.LambdaForm$MH/0x00000003010b0000::invokeExact_MT@11
                      ; - jdk.internal.reflect.DirectMethodHandleAccessor::invokeImpl@92 (line 156)
                      ; - jdk.internal.reflect.DirectMethodHandleAccessor::invoke@23 (line 103)
                      ;   {runtime_call throw_null_pointer_exception Runtime1 stub}
  0x000000011218dbe0: 880e be95 

  0x000000011218dbe4: ; ImmutableOopMap {c_rarg1=Oop c_rarg0=Oop c_rarg2=Oop c_rarg4=Oop c_rarg3=Oop [176]=Oop [192]=Oop [208]=Oop [216]=Oop [224]=Oop [232]=Oop }
                      ;*getfield customized {reexecute=1 rethrow=0 return_oop=0}
                      ; - (reexecute) java.lang.invoke.Invokers::checkCustomized@12 (line 626)
                      ; - java.lang.invoke.LambdaForm$MH/0x00000003010b0000::invokeExact_MT@15
                      ; - jdk.internal.reflect.DirectMethodHandleAccessor::invokeImpl@92 (line 156)
                      ; - jdk.internal.reflect.DirectMethodHandleAccessor::invoke@23 (line 103)
                      ;   {runtime_call throw_null_pointer_exception Runtime1 stub}
  0x000000011218dbe4: 870e be95 

  0x000000011218dbe8: ; ImmutableOopMap {c_rarg1=Oop c_rarg3=Oop c_rarg0=Oop [176]=Oop [184]=Oop [192]=Oop [256]=Oop }
                      ;*aaload {reexecute=0 rethrow=0 return_oop=0}
                      ; - jdk.internal.reflect.DirectMethodHandleAccessor::invokeImpl@68 (line 155)
                      ; - jdk.internal.reflect.DirectMethodHandleAccessor::invoke@23 (line 103)
                      ;   {runtime_call throw_null_pointer_exception Runtime1 stub}
  0x000000011218dbe8: 860e be95 | 0800 80d2 | e903 03aa 

  0x000000011218dbf4: ;   {runtime_call throw_range_check_failed Runtime1 stub}
  0x000000011218dbf4: 1ec0 80d2 | 3e22 a3f2 | 3e00 c0f2 

  0x000000011218dc00: ; ImmutableOopMap {c_rarg1=Oop c_rarg3=Oop c_rarg0=Oop [176]=Oop [184]=Oop [192]=Oop [256]=Oop }
                      ;*aaload {reexecute=0 rethrow=0 return_oop=0}
                      ; - jdk.internal.reflect.DirectMethodHandleAccessor::invokeImpl@68 (line 155)
                      ; - jdk.internal.reflect.DirectMethodHandleAccessor::invoke@23 (line 103)
  0x000000011218dc00: c003 3fd6 | e803 40b2 | e903 03aa 

  0x000000011218dc0c: ;   {runtime_call throw_range_check_failed Runtime1 stub}
  0x000000011218dc0c: 1ec0 80d2 | 3e22 a3f2 | 3e00 c0f2 

  0x000000011218dc18: ; ImmutableOopMap {c_rarg1=Oop c_rarg3=Oop c_rarg0=Oop c_rarg2=Oop [176]=Oop [184]=Oop [192]=Oop [240]=Oop [256]=Oop }
                      ;*aaload {reexecute=0 rethrow=0 return_oop=0}
                      ; - jdk.internal.reflect.DirectMethodHandleAccessor::invokeImpl@71 (line 155)
                      ; - jdk.internal.reflect.DirectMethodHandleAccessor::invoke@23 (line 103)
  0x000000011218dc18: c003 3fd6 

  0x000000011218dc1c: ; ImmutableOopMap {c_rarg1=Oop c_rarg0=Oop c_rarg2=Oop c_rarg3=Oop [176]=Oop [192]=Oop [240]=Oop [248]=Oop [256]=Oop }
                      ;*invokevirtual type {reexecute=0 rethrow=0 return_oop=0}
                      ; - java.lang.invoke.Invokers::checkExactType@1 (line 529)
                      ; - java.lang.invoke.LambdaForm$MH/0x0000000301002800::invokeExact_MT@11
                      ; - jdk.internal.reflect.DirectMethodHandleAccessor::invokeImpl@72 (line 155)
                      ; - jdk.internal.reflect.DirectMethodHandleAccessor::invoke@23 (line 103)
                      ;   {runtime_call throw_null_pointer_exception Runtime1 stub}
  0x000000011218dc1c: 790e be95 

  0x000000011218dc20: ; ImmutableOopMap {c_rarg1=Oop c_rarg0=Oop c_rarg2=Oop c_rarg3=Oop [176]=Oop [192]=Oop [240]=Oop [248]=Oop [256]=Oop }
                      ;*getfield customized {reexecute=1 rethrow=0 return_oop=0}
                      ; - (reexecute) java.lang.invoke.Invokers::checkCustomized@12 (line 626)
                      ; - java.lang.invoke.LambdaForm$MH/0x0000000301002800::invokeExact_MT@15
                      ; - jdk.internal.reflect.DirectMethodHandleAccessor::invokeImpl@72 (line 155)
                      ; - jdk.internal.reflect.DirectMethodHandleAccessor::invoke@23 (line 103)
                      ;   {runtime_call throw_null_pointer_exception Runtime1 stub}
  0x000000011218dc20: 780e be95 

  0x000000011218dc24: ; ImmutableOopMap {c_rarg1=Oop c_rarg3=Oop c_rarg0=Oop [176]=Oop [184]=Oop [192]=Oop [272]=Oop }
                      ;*aaload {reexecute=0 rethrow=0 return_oop=0}
                      ; - jdk.internal.reflect.DirectMethodHandleAccessor::invokeImpl@54 (line 154)
                      ; - jdk.internal.reflect.DirectMethodHandleAccessor::invoke@23 (line 103)
                      ;   {runtime_call throw_null_pointer_exception Runtime1 stub}
  0x000000011218dc24: 770e be95 | 0800 80d2 | e903 03aa 

  0x000000011218dc30: ;   {runtime_call throw_range_check_failed Runtime1 stub}
  0x000000011218dc30: 1ec0 80d2 | 3e22 a3f2 | 3e00 c0f2 

  0x000000011218dc3c: ; ImmutableOopMap {c_rarg1=Oop c_rarg3=Oop c_rarg0=Oop [176]=Oop [184]=Oop [192]=Oop [272]=Oop }
                      ;*aaload {reexecute=0 rethrow=0 return_oop=0}
                      ; - jdk.internal.reflect.DirectMethodHandleAccessor::invokeImpl@54 (line 154)
                      ; - jdk.internal.reflect.DirectMethodHandleAccessor::invoke@23 (line 103)
  0x000000011218dc3c: c003 3fd6 

  0x000000011218dc40: ; ImmutableOopMap {c_rarg1=Oop c_rarg0=Oop c_rarg2=Oop [176]=Oop [192]=Oop [264]=Oop [272]=Oop }
                      ;*invokevirtual type {reexecute=0 rethrow=0 return_oop=0}
                      ; - java.lang.invoke.Invokers::checkExactType@1 (line 529)
                      ; - java.lang.invoke.Invokers$Holder::invokeExact_MT@10
                      ; - jdk.internal.reflect.DirectMethodHandleAccessor::invokeImpl@55 (line 154)
                      ; - jdk.internal.reflect.DirectMethodHandleAccessor::invoke@23 (line 103)
                      ;   {runtime_call throw_null_pointer_exception Runtime1 stub}
  0x000000011218dc40: 700e be95 

  0x000000011218dc44: ; ImmutableOopMap {c_rarg1=Oop c_rarg0=Oop c_rarg2=Oop [176]=Oop [192]=Oop [264]=Oop [272]=Oop }
                      ;*getfield customized {reexecute=1 rethrow=0 return_oop=0}
                      ; - (reexecute) java.lang.invoke.Invokers::checkCustomized@12 (line 626)
                      ; - java.lang.invoke.Invokers$Holder::invokeExact_MT@14
                      ; - jdk.internal.reflect.DirectMethodHandleAccessor::invokeImpl@55 (line 154)
                      ; - jdk.internal.reflect.DirectMethodHandleAccessor::invoke@23 (line 103)
                      ;   {runtime_call throw_null_pointer_exception Runtime1 stub}
  0x000000011218dc44: 6f0e be95 

  0x000000011218dc48: ; ImmutableOopMap {c_rarg1=Oop c_rarg0=Oop [176]=Oop [192]=Oop [280]=Oop }
                      ;*invokevirtual type {reexecute=0 rethrow=0 return_oop=0}
                      ; - java.lang.invoke.Invokers::checkExactType@1 (line 529)
                      ; - java.lang.invoke.Invokers$Holder::invokeExact_MT@10
                      ; - jdk.internal.reflect.DirectMethodHandleAccessor::invokeImpl@41 (line 153)
                      ; - jdk.internal.reflect.DirectMethodHandleAccessor::invoke@23 (line 103)
                      ;   {runtime_call throw_null_pointer_exception Runtime1 stub}
  0x000000011218dc48: 6e0e be95 

  0x000000011218dc4c: ; ImmutableOopMap {c_rarg1=Oop c_rarg0=Oop [176]=Oop [192]=Oop [280]=Oop }
                      ;*getfield customized {reexecute=1 rethrow=0 return_oop=0}
                      ; - (reexecute) java.lang.invoke.Invokers::checkCustomized@12 (line 626)
                      ; - java.lang.invoke.Invokers$Holder::invokeExact_MT@14
                      ; - jdk.internal.reflect.DirectMethodHandleAccessor::invokeImpl@41 (line 153)
                      ; - jdk.internal.reflect.DirectMethodHandleAccessor::invoke@23 (line 103)
                      ;   {runtime_call throw_null_pointer_exception Runtime1 stub}
  0x000000011218dc4c: 6d0e be95 

  0x000000011218dc50: ;   {internal_word}
  0x000000011218dc50: e8d1 ff10 | 8833 02f9 

  0x000000011218dc58: ;   {runtime_call SafepointBlob}
  0x000000011218dc58: 2ad3 ba15 

  0x000000011218dc5c: ;   {internal_word}
  0x000000011218dc5c: 08d3 ff10 | 8833 02f9 

  0x000000011218dc64: ;   {runtime_call SafepointBlob}
  0x000000011218dc64: 27d3 ba15 

  0x000000011218dc68: ;   {internal_word}
  0x000000011218dc68: 48d4 ff10 | 8833 02f9 

  0x000000011218dc70: ;   {runtime_call SafepointBlob}
  0x000000011218dc70: 24d3 ba15 

  0x000000011218dc74: ;   {internal_word}
  0x000000011218dc74: 88d5 ff10 | 8833 02f9 

  0x000000011218dc7c: ;   {runtime_call SafepointBlob}
  0x000000011218dc7c: 21d3 ba15 

  0x000000011218dc80: ;   {internal_word}
  0x000000011218dc80: a8d6 ff10 | 8833 02f9 

  0x000000011218dc88: ;   {runtime_call SafepointBlob}
  0x000000011218dc88: 1ed3 ba15 

  0x000000011218dc8c: ; ImmutableOopMap {c_rarg0=Oop [176]=Oop [192]=Oop [280]=Oop }
                      ;*athrow {reexecute=1 rethrow=0 return_oop=0}
                      ; - (reexecute) java.lang.invoke.Invokers::checkExactType@15 (line 531)
                      ; - java.lang.invoke.Invokers$Holder::invokeExact_MT@10
                      ; - jdk.internal.reflect.DirectMethodHandleAccessor::invokeImpl@41 (line 153)
                      ; - jdk.internal.reflect.DirectMethodHandleAccessor::invoke@23 (line 103)
                      ;   {runtime_call throw_null_pointer_exception Runtime1 stub}
  0x000000011218dc8c: 5d0e be95 

  0x000000011218dc90: ; ImmutableOopMap {c_rarg0=Oop [176]=Oop [192]=Oop [264]=Oop [272]=Oop }
                      ;*athrow {reexecute=1 rethrow=0 return_oop=0}
                      ; - (reexecute) java.lang.invoke.Invokers::checkExactType@15 (line 531)
                      ; - java.lang.invoke.Invokers$Holder::invokeExact_MT@10
                      ; - jdk.internal.reflect.DirectMethodHandleAccessor::invokeImpl@55 (line 154)
                      ; - jdk.internal.reflect.DirectMethodHandleAccessor::invoke@23 (line 103)
                      ;   {runtime_call throw_null_pointer_exception Runtime1 stub}
  0x000000011218dc90: 5c0e be95 

  0x000000011218dc94: ; ImmutableOopMap {c_rarg0=Oop [176]=Oop [192]=Oop [240]=Oop [248]=Oop [256]=Oop }
                      ;*athrow {reexecute=1 rethrow=0 return_oop=0}
                      ; - (reexecute) java.lang.invoke.Invokers::checkExactType@15 (line 531)
                      ; - java.lang.invoke.LambdaForm$MH/0x0000000301002800::invokeExact_MT@11
                      ; - jdk.internal.reflect.DirectMethodHandleAccessor::invokeImpl@72 (line 155)
                      ; - jdk.internal.reflect.DirectMethodHandleAccessor::invoke@23 (line 103)
                      ;   {runtime_call throw_null_pointer_exception Runtime1 stub}
  0x000000011218dc94: 5b0e be95 

  0x000000011218dc98: ; ImmutableOopMap {c_rarg0=Oop [176]=Oop [192]=Oop [208]=Oop [216]=Oop [224]=Oop [232]=Oop }
                      ;*athrow {reexecute=1 rethrow=0 return_oop=0}
                      ; - (reexecute) java.lang.invoke.Invokers::checkExactType@15 (line 531)
                      ; - java.lang.invoke.LambdaForm$MH/0x00000003010b0000::invokeExact_MT@11
                      ; - jdk.internal.reflect.DirectMethodHandleAccessor::invokeImpl@92 (line 156)
                      ; - jdk.internal.reflect.DirectMethodHandleAccessor::invoke@23 (line 103)
                      ;   {runtime_call throw_null_pointer_exception Runtime1 stub}
  0x000000011218dc98: 5a0e be95 

  0x000000011218dc9c: ; ImmutableOopMap {c_rarg0=Oop [176]=Oop [184]=Oop [192]=Oop [200]=Oop }
                      ;*athrow {reexecute=1 rethrow=0 return_oop=0}
                      ; - (reexecute) java.lang.invoke.Invokers::checkExactType@15 (line 531)
                      ; - java.lang.invoke.Invokers$Holder::invokeExact_MT@10
                      ; - jdk.internal.reflect.DirectMethodHandleAccessor::invokeImpl@104 (line 157)
                      ; - jdk.internal.reflect.DirectMethodHandleAccessor::invoke@23 (line 103)
                      ;   {runtime_call throw_null_pointer_exception Runtime1 stub}
  0x000000011218dc9c: 590e be95 

  0x000000011218dca0: ; ImmutableOopMap {}
                      ;*new {reexecute=0 rethrow=0 return_oop=0}
                      ; - jdk.internal.reflect.DirectMethodHandleAccessor::invoke@36 (line 107)
                      ;   {runtime_call fast_new_instance Runtime1 stub}
  0x000000011218dca0: 7811 be95 | 1fff ff17 

  0x000000011218dca8: ; ImmutableOopMap {c_rarg2=Oop }
                      ;*new {reexecute=0 rethrow=0 return_oop=0}
                      ; - jdk.internal.reflect.DirectMethodHandleAccessor::invoke@46 (line 109)
                      ;   {runtime_call throw_null_pointer_exception Runtime1 stub}
  0x000000011218dca8: 560e be95 

  0x000000011218dcac: ; ImmutableOopMap {c_rarg2=Oop }
                      ;*new {reexecute=0 rethrow=0 return_oop=0}
                      ; - jdk.internal.reflect.DirectMethodHandleAccessor::invoke@46 (line 109)
                      ;   {runtime_call fast_new_instance_init_check Runtime1 stub}
  0x000000011218dcac: 3512 be95 | 3aff ff17 

  0x000000011218dcb4: ; ImmutableOopMap {[288]=Oop }
                      ;*new {reexecute=0 rethrow=0 return_oop=0}
                      ; - jdk.internal.reflect.DirectMethodHandleAccessor::invoke@64 (line 113)
                      ;   {runtime_call fast_new_instance Runtime1 stub}
  0x000000011218dcb4: 7311 be95 | 4fff ff17 

  0x000000011218dcbc: ; ImmutableOopMap {c_rarg2=Oop }
                      ;*new {reexecute=0 rethrow=0 return_oop=0}
                      ; - jdk.internal.reflect.DirectMethodHandleAccessor::invoke@73 (line 115)
                      ;   {runtime_call throw_null_pointer_exception Runtime1 stub}
  0x000000011218dcbc: 510e be95 

  0x000000011218dcc0: ; ImmutableOopMap {c_rarg2=Oop }
                      ;*new {reexecute=0 rethrow=0 return_oop=0}
                      ; - jdk.internal.reflect.DirectMethodHandleAccessor::invoke@73 (line 115)
                      ;   {runtime_call fast_new_instance_init_check Runtime1 stub}
  0x000000011218dcc0: 3012 be95 | 68ff ff17 

  0x000000011218dcc8: ; ImmutableOopMap {[176]=Oop [184]=Oop [192]=Oop }
                      ;*new {reexecute=0 rethrow=0 return_oop=0}
                      ; - jdk.internal.reflect.DirectMethodHandleAccessor::checkReceiver@14 (line 197)
                      ; - jdk.internal.reflect.DirectMethodHandleAccessor::invoke@9 (line 99)
                      ;   {runtime_call fast_new_instance Runtime1 stub}
  0x000000011218dcc8: 6e11 be95 | 7dff ff17 

  0x000000011218dcd0: ; ImmutableOopMap {c_rarg2=Oop }
                      ;*new {reexecute=0 rethrow=0 return_oop=0}
                      ; - jdk.internal.reflect.DirectMethodHandleAccessor::invoke@83 (line 118)
                      ;   {runtime_call throw_null_pointer_exception Runtime1 stub}
  0x000000011218dcd0: 4c0e be95 

  0x000000011218dcd4: ; ImmutableOopMap {c_rarg2=Oop }
                      ;*new {reexecute=0 rethrow=0 return_oop=0}
                      ; - jdk.internal.reflect.DirectMethodHandleAccessor::invoke@83 (line 118)
                      ;   {runtime_call fast_new_instance_init_check Runtime1 stub}
  0x000000011218dcd4: 2b12 be95 | 9bff ff17 | 807f 42f9 | 9f7f 02f9 | 9f83 02f9 | fd7b 57a9 | ff03 0691 

  0x000000011218dcf0: ;   {runtime_call unwind_exception Runtime1 stub}
  0x000000011218dcf0: e407 be15 | 0000 0000 
[Stub Code]
  0x000000011218dcf8: ;   {no_reloc}
  0x000000011218dcf8: 4800 0058 | 0001 1fd6 | 502a 5b19 | 0100 0000 

  0x000000011218dd08: ;   {trampoline_stub}
  0x000000011218dd08: 4800 0058 | 0001 1fd6 | 4079 0d12 | 0100 0000 

  0x000000011218dd18: ;   {trampoline_stub}
  0x000000011218dd18: 4800 0058 | 0001 1fd6 | 80c7 0319 | 0100 0000 

  0x000000011218dd28: ;   {trampoline_stub}
  0x000000011218dd28: 4800 0058 | 0001 1fd6 | c009 df11 | 0100 0000 

  0x000000011218dd38: ;   {trampoline_stub}
  0x000000011218dd38: 4800 0058 | 0001 1fd6 | c009 df11 | 0100 0000 

  0x000000011218dd48: ;   {trampoline_stub}
  0x000000011218dd48: 4800 0058 | 0001 1fd6 | c009 df11 | 0100 0000 

  0x000000011218dd58: ;   {trampoline_stub}
  0x000000011218dd58: 4800 0058 | 0001 1fd6 | c009 df11 | 0100 0000 

  0x000000011218dd68: ;   {trampoline_stub}
  0x000000011218dd68: 4800 0058 | 0001 1fd6 | 008b 5919 | 0100 0000 

  0x000000011218dd78: ;   {trampoline_stub}
  0x000000011218dd78: 4800 0058 | 0001 1fd6 | 8006 5b19 | 0100 0000 

  0x000000011218dd88: ;   {trampoline_stub}
  0x000000011218dd88: 4800 0058 | 0001 1fd6 | 002e 5b19 | 0100 0000 

  0x000000011218dd98: ;   {trampoline_stub}
  0x000000011218dd98: 4800 0058 | 0001 1fd6 | 8012 5b19 | 0100 0000 

  0x000000011218dda8: ;   {trampoline_stub}
  0x000000011218dda8: 4800 0058 | 0001 1fd6 | 80c1 0319 | 0100 0000 

  0x000000011218ddb8: ;   {trampoline_stub}
  0x000000011218ddb8: 4800 0058 | 0001 1fd6 | 80c7 0319 | 0100 0000 

  0x000000011218ddc8: ;   {trampoline_stub}
  0x000000011218ddc8: 4800 0058 | 0001 1fd6 | 80c7 0319 | 0100 0000 

  0x000000011218ddd8: ;   {trampoline_stub}
  0x000000011218ddd8: 4800 0058 | 0001 1fd6 | 80c7 0319 | 0100 0000 

  0x000000011218dde8: ;   {trampoline_stub}
  0x000000011218dde8: 4800 0058 | 0001 1fd6 | 80c7 0319 | 0100 0000 

  0x000000011218ddf8: ;   {trampoline_stub}
  0x000000011218ddf8: 4800 0058 | 0001 1fd6 | 80c7 0319 | 0100 0000 

  0x000000011218de08: ;   {static_stub}
  0x000000011218de08: df3f 03d5 

  0x000000011218de0c: ;   {metadata(nullptr)}
  0x000000011218de0c: 0c00 80d2 | 0c00 a0f2 | 0c00 c0f2 | 0800 80d2 | 0800 a0f2 | 0800 c0f2 | 0001 1fd6 

  0x000000011218de28: ;   {trampoline_stub}
  0x000000011218de28: 4800 0058 | 0001 1fd6 | 80c7 0319 | 0100 0000 

  0x000000011218de38: ;   {static_stub}
  0x000000011218de38: df3f 03d5 

  0x000000011218de3c: ;   {metadata(nullptr)}
  0x000000011218de3c: 0c00 80d2 | 0c00 a0f2 | 0c00 c0f2 | 0800 80d2 | 0800 a0f2 | 0800 c0f2 | 0001 1fd6 

  0x000000011218de58: ;   {trampoline_stub}
  0x000000011218de58: 4800 0058 | 0001 1fd6 | 80c7 0319 | 0100 0000 

  0x000000011218de68: ;   {trampoline_stub}
  0x000000011218de68: 4800 0058 | 0001 1fd6 | 80c1 0319 | 0100 0000 

  0x000000011218de78: ;   {static_stub}
  0x000000011218de78: df3f 03d5 

  0x000000011218de7c: ;   {metadata(nullptr)}
  0x000000011218de7c: 0c00 80d2 | 0c00 a0f2 | 0c00 c0f2 | 0800 80d2 | 0800 a0f2 | 0800 c0f2 | 0001 1fd6 

  0x000000011218de98: ;   {trampoline_stub}
  0x000000011218de98: 4800 0058 | 0001 1fd6 | 80c1 0319 | 0100 0000 

  0x000000011218dea8: ;   {trampoline_stub}
  0x000000011218dea8: 4800 0058 | 0001 1fd6 | 80c1 0319 | 0100 0000 

  0x000000011218deb8: ;   {static_stub}
  0x000000011218deb8: df3f 03d5 

  0x000000011218debc: ;   {metadata(nullptr)}
  0x000000011218debc: 0c00 80d2 | 0c00 a0f2 | 0c00 c0f2 | 0800 80d2 | 0800 a0f2 | 0800 c0f2 | 0001 1fd6 

  0x000000011218ded8: ;   {trampoline_stub}
  0x000000011218ded8: 4800 0058 | 0001 1fd6 | 80c1 0319 | 0100 0000 

  0x000000011218dee8: ;   {trampoline_stub}
  0x000000011218dee8: 4800 0058 | 0001 1fd6 | 80c1 0319 | 0100 0000 

  0x000000011218def8: ;   {static_stub}
  0x000000011218def8: df3f 03d5 

  0x000000011218defc: ;   {metadata(nullptr)}
  0x000000011218defc: 0c00 80d2 | 0c00 a0f2 | 0c00 c0f2 | 0800 80d2 | 0800 a0f2 | 0800 c0f2 | 0001 1fd6 

  0x000000011218df18: ;   {trampoline_stub}
  0x000000011218df18: 4800 0058 | 0001 1fd6 | 80c1 0319 | 0100 0000 

  0x000000011218df28: ;   {static_stub}
  0x000000011218df28: df3f 03d5 

  0x000000011218df2c: ;   {metadata(nullptr)}
  0x000000011218df2c: 0c00 80d2 | 0c00 a0f2 | 0c00 c0f2 | 0800 80d2 | 0800 a0f2 | 0800 c0f2 | 0001 1fd6 

  0x000000011218df48: ;   {static_stub}
  0x000000011218df48: df3f 03d5 

  0x000000011218df4c: ;   {metadata(nullptr)}
  0x000000011218df4c: 0c00 80d2 | 0c00 a0f2 | 0c00 c0f2 | 0800 80d2 | 0800 a0f2 | 0800 c0f2 | 0001 1fd6 

  0x000000011218df68: ;   {static_stub}
  0x000000011218df68: df3f 03d5 

  0x000000011218df6c: ;   {metadata(nullptr)}
  0x000000011218df6c: 0c00 80d2 | 0c00 a0f2 | 0c00 c0f2 | 0800 80d2 | 0800 a0f2 | 0800 c0f2 | 0001 1fd6 

  0x000000011218df88: ;   {static_stub}
  0x000000011218df88: df3f 03d5 

  0x000000011218df8c: ;   {metadata(nullptr)}
  0x000000011218df8c: 0c00 80d2 | 0c00 a0f2 | 0c00 c0f2 | 0800 80d2 | 0800 a0f2 | 0800 c0f2 | 0001 1fd6 

  0x000000011218dfa8: ;   {static_stub}
  0x000000011218dfa8: df3f 03d5 

  0x000000011218dfac: ;   {metadata(nullptr)}
  0x000000011218dfac: 0c00 80d2 | 0c00 a0f2 | 0c00 c0f2 | 0800 80d2 | 0800 a0f2 | 0800 c0f2 | 0001 1fd6 

  0x000000011218dfc8: ;   {static_stub}
  0x000000011218dfc8: df3f 03d5 

  0x000000011218dfcc: ;   {metadata(nullptr)}
  0x000000011218dfcc: 0c00 80d2 | 0c00 a0f2 | 0c00 c0f2 | 0800 80d2 | 0800 a0f2 | 0800 c0f2 | 0001 1fd6 

  0x000000011218dfe8: ;   {static_stub}
  0x000000011218dfe8: df3f 03d5 

  0x000000011218dfec: ;   {metadata(nullptr)}
  0x000000011218dfec: 0c00 80d2 | 0c00 a0f2 | 0c00 c0f2 | 0800 80d2 | 0800 a0f2 | 0800 c0f2 | 0001 1fd6 

  0x000000011218e008: ;   {static_stub}
  0x000000011218e008: df3f 03d5 

  0x000000011218e00c: ;   {metadata(nullptr)}
  0x000000011218e00c: 0c00 80d2 | 0c00 a0f2 | 0c00 c0f2 | 0800 80d2 | 0800 a0f2 | 0800 c0f2 | 0001 1fd6 

  0x000000011218e028: ;   {static_stub}
  0x000000011218e028: df3f 03d5 

  0x000000011218e02c: ;   {metadata(nullptr)}
  0x000000011218e02c: 0c00 80d2 | 0c00 a0f2 | 0c00 c0f2 | 0800 80d2 | 0800 a0f2 | 0800 c0f2 | 0001 1fd6 

  0x000000011218e048: ;   {static_stub}
  0x000000011218e048: df3f 03d5 

  0x000000011218e04c: ;   {metadata(nullptr)}
  0x000000011218e04c: 0c00 80d2 | 0c00 a0f2 | 0c00 c0f2 | 0800 80d2 | 0800 a0f2 | 0800 c0f2 | 0001 1fd6 
[Exception Handler]
  0x000000011218e068: ;   {runtime_call handle_exception_from_callee Runtime1 stub}
  0x000000011218e068: 4619 be95 | c1d5 bbd4 | 10db e308 | 0100 0000 
[Deopt Handler Code]
  0x000000011218e078: 1e00 0010 

  0x000000011218e07c: ;   {runtime_call DeoptimizationBlob}
  0x000000011218e07c: f1d2 ba15 
[Deopt MH Handler Code]
  0x000000011218e080: 1e00 0010 

  0x000000011218e084: ;   {runtime_call DeoptimizationBlob}
  0x000000011218e084: efd2 ba15 
[/MachCode]


Compiled method (c1) 173940 3206       3       java.lang.reflect.Method::invoke (108 bytes)
 total in heap  [0x00000001120d5390,0x00000001120d5f50] = 3008
 relocation     [0x00000001120d54e0,0x00000001120d55d8] = 248
 main code      [0x00000001120d5600,0x00000001120d5c10] = 1552
 stub code      [0x00000001120d5c10,0x00000001120d5d48] = 312
 metadata       [0x00000001120d5d48,0x00000001120d5d98] = 80
 scopes data    [0x00000001120d5d98,0x00000001120d5e58] = 192
 scopes pcs     [0x00000001120d5e58,0x00000001120d5f28] = 208
 dependencies   [0x00000001120d5f28,0x00000001120d5f30] = 8
 nul chk table  [0x00000001120d5f30,0x00000001120d5f50] = 32

[Constant Pool (empty)]

[MachCode]
[Entry Point]
  # {method} {0x00000003000447f0} 'invoke' '(Ljava/lang/Object;[Ljava/lang/Object;)Ljava/lang/Object;' in 'java/lang/reflect/Method'
  # this:     c_rarg1:c_rarg1 
                        = 'java/lang/reflect/Method'
  # parm0:    c_rarg2:c_rarg2 
                        = 'java/lang/Object'
  # parm1:    c_rarg3:c_rarg3 
                        = '[Ljava/lang/Object;'
  #           [sp+0x90]  (sp of caller)
  0x00000001120d5600: 2808 40b9 | 3f01 086b | c001 0054 

  0x00000001120d560c: ;   {runtime_call ic_miss_stub}
  0x00000001120d560c: 1d9a bd15 | 1f20 03d5 | 1f20 03d5 | 1f20 03d5 | 1f20 03d5 | 1f20 03d5 | 1f20 03d5 | 1f20 03d5 
  0x00000001120d562c: 1f20 03d5 | 1f20 03d5 | 1f20 03d5 | 1f20 03d5 | 1f20 03d5 
[Verified Entry Point]
  0x00000001120d5640: 1f20 03d5 | e953 40d1 | 3f01 00f9 | ff43 02d1 | fd7b 08a9 | 2801 0018 | 8923 40b9 | 1f01 09eb 
  0x00000001120d5660: e000 0054 | 0830 8bd2 | 8820 a3f2 | 2800 c0f2 | 0001 3fd6 | 0200 0014 | 0500 0000 | e18b 04a9 
  0x00000001120d5680: ;   {metadata(method data for {method} {0x00000003000447f0} 'invoke' '(Ljava/lang/Object;[Ljava/lang/Object;)Ljava/lang/Object;' in 'java/lang/reflect/Method')}
  0x00000001120d5680: 008f 96d2 | 00a7 a4f2 | 2000 c0f2 | 04ac 40b9 | 8408 0011 | 04ac 00b9 | 8424 1f12 | 9f00 0071 
  0x00000001120d56a0: 8027 0054 | e32f 00f9 | e003 01aa 

  0x00000001120d56ac: ;   {metadata(method data for {method} {0x00000003000447f0} 'invoke' '(Ljava/lang/Object;[Ljava/lang/Object;)Ljava/lang/Object;' in 'java/lang/reflect/Method')}
  0x00000001120d56ac: 048f 96d2 | 04a7 a4f2 | 2400 c0f2 | 8878 40f9 | 0805 0091 | 8878 00f9 | e003 01aa | e103 00aa 
  0x00000001120d56cc: ; ImmutableOopMap {[72]=Oop [80]=Oop [88]=Oop }
                      ;*invokevirtual isCallerSensitive {reexecute=0 rethrow=0 return_oop=0}
                      ; - java.lang.reflect.Method::invoke@1 (line 561)
                      ;   {optimized virtual_call}
  0x00000001120d56cc: 6dea ff97 

  0x00000001120d56d0: ;   {other}
  0x00000001120d56d0: 1f20 03d5 | 1f68 80f2 | 1f00 80f2 | e127 40f9 | 2230 4039 | 5f00 0071 

  0x00000001120d56e8: ;   {metadata(method data for {method} {0x00000003000447f0} 'invoke' '(Ljava/lang/Object;[Ljava/lang/Object;)Ljava/lang/Object;' in 'java/lang/reflect/Method')}
  0x00000001120d56e8: 028f 96d2 | 02a7 a4f2 | 2200 c0f2 | 0825 80d2 | 0927 80d2 | 0301 899a | 4468 63f8 | 8404 0091 
  0x00000001120d5708: 4468 23f8 | e001 0054 | 1f00 0071 

  0x00000001120d5714: ;   {metadata(method data for {method} {0x00000003000447f0} 'invoke' '(Ljava/lang/Object;[Ljava/lang/Object;)Ljava/lang/Object;' in 'java/lang/reflect/Method')}
  0x00000001120d5714: 028f 96d2 | 02a7 a4f2 | 2200 c0f2 | 082b 80d2 | 0929 80d2 | 0311 899a | 4468 63f8 | 8404 0091 
  0x00000001120d5734: 4468 23f8 | 8100 0054 | e603 1faa | e063 00b9 | 0e00 0014 | e063 00b9 

  0x00000001120d574c: ;   {metadata(method data for {method} {0x00000003000447f0} 'invoke' '(Ljava/lang/Object;[Ljava/lang/Object;)Ljava/lang/Object;' in 'java/lang/reflect/Method')}
  0x00000001120d574c: 028f 96d2 | 02a7 a4f2 | 2200 c0f2 | 48b4 40f9 | 0805 0091 | 48b4 00f9 

  0x00000001120d5764: ; ImmutableOopMap {[72]=Oop [80]=Oop [88]=Oop }
                      ;*invokestatic getCallerClass {reexecute=0 rethrow=0 return_oop=0}
                      ; - java.lang.reflect.Method::invoke@19 (line 564)
                      ;   {static_call}
  0x00000001120d5764: db61 d395 

  0x00000001120d5768: ;   {other}
  0x00000001120d5768: 1f20 03d5 | 1f7b 80f2 | 1f20 80f2 | e603 00aa | e127 40f9 | 2230 4039 | 5f00 0071 

  0x00000001120d5784: ;   {metadata(method data for {method} {0x00000003000447f0} 'invoke' '(Ljava/lang/Object;[Ljava/lang/Object;)Ljava/lang/Object;' in 'java/lang/reflect/Method')}
  0x00000001120d5784: 028f 96d2 | 02a7 a4f2 | 2200 c0f2 | 0831 80d2 | 092f 80d2 | 0301 899a | 4468 63f8 | 8404 0091 
  0x00000001120d57a4: 4468 23f8 | 6000 0054 | e637 00f9 | 5900 0014 | 2324 40b9 | 63f0 7dd3 | 2520 40b9 

  0x00000001120d57c0: ;   {metadata(method data for {method} {0x00000003000447f0} 'invoke' '(Ljava/lang/Object;[Ljava/lang/Object;)Ljava/lang/Object;' in 'java/lang/reflect/Method')}
  0x00000001120d57c0: 028f 96d2 | 02a7 a4f2 | 2200 c0f2 | 48cc 40f9 | 0805 0091 | 48cc 00f9 

  0x00000001120d57d8: ;   {metadata(method data for {method} {0x00000003000ec930} 'isStatic' '(I)Z' in 'java/lang/reflect/Modifier')}
  0x00000001120d57d8: 02bd 83d2 | 22a2 a4f2 | 2200 c0f2 | 44ac 40b9 | 8408 0011 | 44ac 00b9 | 844c 1f12 | 9f00 0071 
  0x00000001120d57f8: c01d 0054 | a200 1d12 | 5f00 0071 

  0x00000001120d5804: ;   {metadata(method data for {method} {0x00000003000ec930} 'isStatic' '(I)Z' in 'java/lang/reflect/Modifier')}
  0x00000001120d5804: 02bd 83d2 | 22a2 a4f2 | 2200 c0f2 | e80f 7cb2 | e903 78b2 | 0401 899a | 4068 64f8 | 0004 0091 
  0x00000001120d5824: 4068 24f8 | 2001 0054 

  0x00000001120d582c: ;   {metadata(method data for {method} {0x00000003000ec930} 'isStatic' '(I)Z' in 'java/lang/reflect/Modifier')}
  0x00000001120d582c: 02bd 83d2 | 22a2 a4f2 | 2200 c0f2 | 4488 40f9 | 8404 0091 | 4488 00f9 | e203 0032 | 0200 0014 
  0x00000001120d584c: 0200 a052 | 4200 0012 | 5f00 0071 

  0x00000001120d5858: ;   {metadata(method data for {method} {0x00000003000447f0} 'invoke' '(Ljava/lang/Object;[Ljava/lang/Object;)Ljava/lang/Object;' in 'java/lang/reflect/Method')}
  0x00000001120d5858: 028f 96d2 | 02a7 a4f2 | 2200 c0f2 | 0835 80d2 | 0937 80d2 | 0401 899a | 4068 64f8 | 0004 0091 
  0x00000001120d5878: 4068 24f8 | 2001 0054 

  0x00000001120d5880: ;   {metadata(method data for {method} {0x00000003000447f0} 'invoke' '(Ljava/lang/Object;[Ljava/lang/Object;)Ljava/lang/Object;' in 'java/lang/reflect/Method')}
  0x00000001120d5880: 028f 96d2 | 02a7 a4f2 | 2200 c0f2 | 44e4 40f9 | 8404 0091 | 44e4 00f9 | e403 1faa | 0e00 0014 
  0x00000001120d58a0: e22b 40f9 

  0x00000001120d58a4: ; implicit exception: dispatches to 0x00000001120d5bd0
  0x00000001120d58a4: 5f00 40f9 | e403 02aa 

  0x00000001120d58ac: ;   {metadata(method data for {method} {0x00000003000447f0} 'invoke' '(Ljava/lang/Object;[Ljava/lang/Object;)Ljava/lang/Object;' in 'java/lang/reflect/Method')}
  0x00000001120d58ac: 008f 96d2 | 00a7 a4f2 | 2000 c0f2 | 08f0 40f9 | 0805 0091 | 08f0 00f9 | 4408 40b9 | 8404 60d2 
  0x00000001120d58cc: 8438 40f9 | 8400 40f9 | e003 01aa 

  0x00000001120d58d8: ;   {metadata(method data for {method} {0x00000003000447f0} 'invoke' '(Ljava/lang/Object;[Ljava/lang/Object;)Ljava/lang/Object;' in 'java/lang/reflect/Method')}
  0x00000001120d58d8: 078f 96d2 | 07a7 a4f2 | 2700 c0f2 | e80c 41f9 | 0805 0091 | e80c 01f9 | e203 06aa | e703 01aa 
  0x00000001120d58f8: e103 07aa | e637 00f9 

  0x00000001120d5900: ; ImmutableOopMap {[72]=Oop [80]=Oop [88]=Oop [104]=Oop }
                      ;*invokevirtual checkAccess {reexecute=0 rethrow=0 return_oop=0}
                      ; - java.lang.reflect.Method::invoke@60 (line 571)
                      ;   {optimized virtual_call}
  0x00000001120d5900: b003 0094 

  0x00000001120d5904: ;   {other}
  0x00000001120d5904: 1f20 03d5 | 9fae 80f2 | 1f40 80f2 | e127 40f9 | 204c 40b9 | 00f0 7dd3 | e203 1faa | 1f00 02eb 
  0x00000001120d5924: ;   {metadata(method data for {method} {0x00000003000447f0} 'invoke' '(Ljava/lang/Object;[Ljava/lang/Object;)Ljava/lang/Object;' in 'java/lang/reflect/Method')}
  0x00000001120d5924: 028f 96d2 | 02a7 a4f2 | 2200 c0f2 | 084a 80d2 | 094c 80d2 | 0311 899a | 4468 63f8 | 8404 0091 
  0x00000001120d5944: 4468 23f8 | 8101 0054 | e003 01aa 

  0x00000001120d5950: ;   {metadata(method data for {method} {0x00000003000447f0} 'invoke' '(Ljava/lang/Object;[Ljava/lang/Object;)Ljava/lang/Object;' in 'java/lang/reflect/Method')}
  0x00000001120d5950: 028f 96d2 | 02a7 a4f2 | 2200 c0f2 | 4838 41f9 | 0805 0091 | 4838 01f9 

  0x00000001120d5968: ; ImmutableOopMap {[80]=Oop [88]=Oop [104]=Oop }
                      ;*invokevirtual acquireMethodAccessor {reexecute=0 rethrow=0 return_oop=0}
                      ; - java.lang.reflect.Method::invoke@75 (line 577)
                      ;   {optimized virtual_call}
  0x00000001120d5968: ea00 0094 

  0x00000001120d596c: ;   {other}
  0x00000001120d596c: 1f20 03d5 | 9fbb 80f2 | 1f60 80f2 | e263 40b9 | 5f00 0071 

  0x00000001120d5980: ;   {metadata(method data for {method} {0x00000003000447f0} 'invoke' '(Ljava/lang/Object;[Ljava/lang/Object;)Ljava/lang/Object;' in 'java/lang/reflect/Method')}
  0x00000001120d5980: 028f 96d2 | 02a7 a4f2 | 2200 c0f2 | 0855 80d2 | 0957 80d2 | 0301 899a | 4468 63f8 | 8404 0091 
  0x00000001120d59a0: 4468 23f8 | 4008 0054 | e637 40f9 

  0x00000001120d59ac: ; implicit exception: dispatches to 0x00000001120d5bd4
  0x00000001120d59ac: 1f00 40f9 | e203 00aa 

  0x00000001120d59b4: ;   {metadata(method data for {method} {0x00000003000447f0} 'invoke' '(Ljava/lang/Object;[Ljava/lang/Object;)Ljava/lang/Object;' in 'java/lang/reflect/Method')}
  0x00000001120d59b4: 038f 96d2 | 03a7 a4f2 | 2300 c0f2 | 4208 40b9 | 4204 60d2 | 6960 0b91 | 2801 40f9 | 5f00 08eb 
  0x00000001120d59d4: a100 0054 | 6870 41f9 | 0805 0091 | 6870 01f9 | 1c00 0014 | 69a0 0b91 | 2801 40f9 | 5f00 08eb 
  0x00000001120d59f4: a100 0054 | 6878 41f9 | 0805 0091 | 6878 01f9 | 1400 0014 | 6960 0b91 | 2801 40f9 | c800 00b5 
  0x00000001120d5a14: 2201 00f9 | e803 40b2 | 6980 0b91 | 2801 00f9 | 0c00 0014 | 69a0 0b91 | 2801 40f9 | c800 00b5 
  0x00000001120d5a34: 2201 00f9 | e803 40b2 | 69c0 0b91 | 2801 00f9 | 0400 0014 | 6864 41f9 | 0805 0091 | 6864 01f9 
  0x00000001120d5a54: e20f 45a9 | e403 06aa | e103 00aa | e9ff 9fd2 | e9ff bff2 | e9ff dff2 

  0x00000001120d5a6c: ; ImmutableOopMap {}
                      ;*invokeinterface invoke {reexecute=0 rethrow=0 return_oop=0}
                      ; - java.lang.reflect.Method::invoke@90 (line 580)
                      ;   {virtual_call}
  0x00000001120d5a6c: 859a bd95 

  0x00000001120d5a70: ;   {other}
  0x00000001120d5a70: 1f20 03d5 | 1fdc 80f2 | 1f80 80f2 

  0x00000001120d5a7c: ;   {metadata(method data for {method} {0x00000003000447f0} 'invoke' '(Ljava/lang/Object;[Ljava/lang/Object;)Ljava/lang/Object;' in 'java/lang/reflect/Method')}
  0x00000001120d5a7c: 028f 96d2 | 02a7 a4f2 | 2200 c0f2 | 4380 41f9 | 6304 0091 | 4380 01f9 | fd7b 48a9 | ff43 0291 
  0x00000001120d5a9c: ;   {poll_return}
  0x00000001120d5a9c: 8827 42f9 | ff63 28eb | a809 0054 | c003 5fd6 | e20f 45a9 

  0x00000001120d5ab0: ; implicit exception: dispatches to 0x00000001120d5be4
  0x00000001120d5ab0: 1f00 40f9 | e103 00aa 

  0x00000001120d5ab8: ;   {metadata(method data for {method} {0x00000003000447f0} 'invoke' '(Ljava/lang/Object;[Ljava/lang/Object;)Ljava/lang/Object;' in 'java/lang/reflect/Method')}
  0x00000001120d5ab8: 048f 96d2 | 04a7 a4f2 | 2400 c0f2 | 2108 40b9 | 2104 60d2 | 89a0 0c91 | 2801 40f9 | 3f00 08eb 
  0x00000001120d5ad8: a100 0054 | 8898 41f9 | 0805 0091 | 8898 01f9 | 1c00 0014 | 89e0 0c91 | 2801 40f9 | 3f00 08eb 
  0x00000001120d5af8: a100 0054 | 88a0 41f9 | 0805 0091 | 88a0 01f9 | 1400 0014 | 89a0 0c91 | 2801 40f9 | c800 00b5 
  0x00000001120d5b18: 2101 00f9 | e803 40b2 | 89c0 0c91 | 2801 00f9 | 0c00 0014 | 89e0 0c91 | 2801 40f9 | c800 00b5 
  0x00000001120d5b38: 2101 00f9 | e803 40b2 | 8900 0d91 | 2801 00f9 | 0400 0014 | 888c 41f9 | 0805 0091 | 888c 01f9 
  0x00000001120d5b58: e103 00aa | 0927 99d2 | 2903 a0f2 | 6900 c0f2 

  0x00000001120d5b68: ; ImmutableOopMap {}
                      ;*invokeinterface invoke {reexecute=0 rethrow=0 return_oop=0}
                      ; - java.lang.reflect.Method::invoke@102 (line 580)
                      ;   {virtual_call}
  0x00000001120d5b68: d6dd 0294 

  0x00000001120d5b6c: ;   {other}
  0x00000001120d5b6c: 1f20 03d5 | 9ffb 80f2 | 1fa0 80f2 | fd7b 48a9 | ff43 0291 

  0x00000001120d5b80: ;   {poll_return}
  0x00000001120d5b80: 8827 42f9 | ff63 28eb | 0803 0054 | c003 5fd6 

  0x00000001120d5b90: ;   {metadata({method} {0x00000003000447f0} 'invoke' '(Ljava/lang/Object;[Ljava/lang/Object;)Ljava/lang/Object;' in 'java/lang/reflect/Method')}
  0x00000001120d5b90: 08fe 88d2 | 8800 a0f2 | 6800 c0f2 | e807 00f9 | 0800 8092 | e803 00f9 

  0x00000001120d5ba8: ; ImmutableOopMap {c_rarg1=Oop c_rarg2=Oop c_rarg3=Oop [72]=Oop [80]=Oop }
                      ;*synchronization entry
                      ; - java.lang.reflect.Method::invoke@-1 (line 561)
                      ;   {runtime_call counter_overflow Runtime1 stub}
  0x00000001120d5ba8: 9606 c195 | befe ff17 

  0x00000001120d5bb0: ;   {metadata({method} {0x00000003000ec930} 'isStatic' '(I)Z' in 'java/lang/reflect/Modifier')}
  0x00000001120d5bb0: 0826 99d2 | c801 a0f2 | 6800 c0f2 | e807 00f9 | 0800 8092 | e803 00f9 

  0x00000001120d5bc8: ; ImmutableOopMap {c_rarg6=Oop c_rarg1=Oop c_rarg3=Oop [72]=Oop [80]=Oop [88]=Oop }
                      ;*synchronization entry
                      ; - java.lang.reflect.Modifier::isStatic@-1 (line 98)
                      ; - java.lang.reflect.Method::invoke@42 (line 572)
                      ;   {runtime_call counter_overflow Runtime1 stub}
  0x00000001120d5bc8: 8e06 c195 | 0cff ff17 

  0x00000001120d5bd0: ; ImmutableOopMap {c_rarg6=Oop c_rarg1=Oop c_rarg3=Oop c_rarg2=Oop [72]=Oop [80]=Oop [88]=Oop }
                      ;*invokevirtual getClass {reexecute=0 rethrow=0 return_oop=0}
                      ; - java.lang.reflect.Method::invoke@53 (line 572)
                      ;   {runtime_call throw_null_pointer_exception Runtime1 stub}
  0x00000001120d5bd0: 8cee c095 

  0x00000001120d5bd4: ; ImmutableOopMap {c_rarg0=Oop c_rarg6=Oop [80]=Oop [88]=Oop }
                      ;*invokeinterface invoke {reexecute=0 rethrow=0 return_oop=0}
                      ; - java.lang.reflect.Method::invoke@90 (line 580)
                      ;   {runtime_call throw_null_pointer_exception Runtime1 stub}
  0x00000001120d5bd4: 8bee c095 

  0x00000001120d5bd8: ;   {internal_word}
  0x00000001120d5bd8: 28f6 ff10 | 8833 02f9 

  0x00000001120d5be0: ;   {runtime_call SafepointBlob}
  0x00000001120d5be0: 48b3 bd15 

  0x00000001120d5be4: ; ImmutableOopMap {c_rarg3=Oop c_rarg2=Oop c_rarg0=Oop [80]=Oop }
                      ;*invokeinterface invoke {reexecute=0 rethrow=0 return_oop=0}
                      ; - java.lang.reflect.Method::invoke@102 (line 580)
                      ;   {runtime_call throw_null_pointer_exception Runtime1 stub}
  0x00000001120d5be4: 87ee c095 

  0x00000001120d5be8: ;   {internal_word}
  0x00000001120d5be8: c8fc ff10 | 8833 02f9 

  0x00000001120d5bf0: ;   {runtime_call SafepointBlob}
  0x00000001120d5bf0: 44b3 bd15 | 807f 42f9 | 9f7f 02f9 | 9f83 02f9 | fd7b 48a9 | ff43 0291 

  0x00000001120d5c08: ;   {runtime_call unwind_exception Runtime1 stub}
  0x00000001120d5c08: 1ee8 c015 | 0000 0000 
[Stub Code]
  0x00000001120d5c10: ;   {no_reloc}
  0x00000001120d5c10: 4800 0058 | 0001 1fd6 | 8000 0d12 | 0100 0000 

  0x00000001120d5c20: ;   {trampoline_stub}
  0x00000001120d5c20: 4800 0058 | 0001 1fd6 | d0de 5a19 | 0100 0000 

  0x00000001120d5c30: ;   {trampoline_stub}
  0x00000001120d5c30: 4800 0058 | 0001 1fd6 | c067 0d12 | 0100 0000 

  0x00000001120d5c40: ;   {trampoline_stub}
  0x00000001120d5c40: 4800 0058 | 0001 1fd6 | 105d 0d12 | 0100 0000 

  0x00000001120d5c50: ;   {static_stub}
  0x00000001120d5c50: df3f 03d5 

  0x00000001120d5c54: ;   {metadata(nullptr)}
  0x00000001120d5c54: 0c00 80d2 | 0c00 a0f2 | 0c00 c0f2 | 0800 80d2 | 0800 a0f2 | 0800 c0f2 | 0001 1fd6 

  0x00000001120d5c70: ;   {trampoline_stub}
  0x00000001120d5c70: 4800 0058 | 0001 1fd6 | 80c4 0319 | 0100 0000 

  0x00000001120d5c80: ;   {static_stub}
  0x00000001120d5c80: df3f 03d5 

  0x00000001120d5c84: ;   {metadata(nullptr)}
  0x00000001120d5c84: 0c00 80d2 | 0c00 a0f2 | 0c00 c0f2 | 0800 80d2 | 0800 a0f2 | 0800 c0f2 | 0001 1fd6 

  0x00000001120d5ca0: ;   {trampoline_stub}
  0x00000001120d5ca0: 4800 0058 | 0001 1fd6 | c0d2 1812 | 0100 0000 

  0x00000001120d5cb0: ;   {static_stub}
  0x00000001120d5cb0: df3f 03d5 

  0x00000001120d5cb4: ;   {metadata(nullptr)}
  0x00000001120d5cb4: 0c00 80d2 | 0c00 a0f2 | 0c00 c0f2 | 0800 80d2 | 0800 a0f2 | 0800 c0f2 | 0001 1fd6 

  0x00000001120d5cd0: ;   {static_stub}
  0x00000001120d5cd0: df3f 03d5 

  0x00000001120d5cd4: ;   {metadata(nullptr)}
  0x00000001120d5cd4: 0c00 80d2 | 0c00 a0f2 | 0c00 c0f2 | 0800 80d2 | 0800 a0f2 | 0800 c0f2 | 0001 1fd6 

  0x00000001120d5cf0: ;   {static_stub}
  0x00000001120d5cf0: df3f 03d5 

  0x00000001120d5cf4: ;   {metadata({method} {0x000000030042d398} 'checkAccess' '(Ljava/lang/Class;Ljava/lang/Class;Ljava/lang/Class;I)V' in 'java/lang/reflect/AccessibleObject')}
  0x00000001120d5cf4: 0c73 9ad2 | 4c08 a0f2 | 6c00 c0f2 | 882b 8dd2 | 4820 a3f2 | 2800 c0f2 | 0001 1fd6 

  0x00000001120d5d10: ;   {static_stub}
  0x00000001120d5d10: df3f 03d5 

  0x00000001120d5d14: ;   {metadata({method} {0x0000000300044c68} 'acquireMethodAccessor' '()Ljdk/internal/reflect/MethodAccessor;' in 'java/lang/reflect/Method')}
  0x00000001120d5d14: 0c8d 89d2 | 8c00 a0f2 | 6c00 c0f2 | 886a 81d2 | 8820 a3f2 | 2800 c0f2 | 0001 1fd6 
[Exception Handler]
  0x00000001120d5d30: ;   {runtime_call handle_exception_from_callee Runtime1 stub}
  0x00000001120d5d30: 14fa c095 | c1d5 bbd4 | 10db e308 | 0100 0000 
[Deopt Handler Code]
  0x00000001120d5d40: 1e00 0010 

  0x00000001120d5d44: ;   {runtime_call DeoptimizationBlob}
  0x00000001120d5d44: bfb3 bd15 
[/MachCode]


---------------  P R O C E S S  ---------------

Threads class SMR info:
_java_thread_list=0x0000000ba457c2c0, length=30, elements={
0x0000000103240310, 0x0000000ba2d50000, 0x0000000ba2d50700, 0x0000000ba2d50e00,
0x0000000ba2d51500, 0x0000000103242590, 0x0000000103242d90, 0x0000000ba2d51c00,
0x0000000ba2d52300, 0x0000000ba2d52a00, 0x0000000ba0064700, 0x0000000ba0064e00,
0x0000000ba0065500, 0x0000000ba0067100, 0x0000000ba0067800, 0x0000000ba0c64e00,
0x0000000ba0c66a00, 0x0000000b9fe58000, 0x0000000b9fe58700, 0x0000000b9fe58e00,
0x0000000b9fe59500, 0x0000000b9fe59c00, 0x0000000b9fe5a300, 0x0000000b9fe5aa00,
0x0000000b9fe5b100, 0x0000000b9fe5b800, 0x0000000b9fe5c000, 0x0000000b9fe5c700,
0x0000000b9fe5ce00, 0x0000000b9fe5d500
}

Java Threads: ( => current thread )
  0x0000000103240310 JavaThread "Reference Handler"          daemon [_thread_blocked, id=23555, stack(0x000000016e6e4000,0x000000016e8e7000) (2060K)]
  0x0000000ba2d50000 JavaThread "Finalizer"                  daemon [_thread_blocked, id=28675, stack(0x000000016e8f0000,0x000000016eaf3000) (2060K)]
  0x0000000ba2d50700 JavaThread "Signal Dispatcher"          daemon [_thread_blocked, id=24067, stack(0x000000016eafc000,0x000000016ecff000) (2060K)]
  0x0000000ba2d50e00 JavaThread "Service Thread"             daemon [_thread_blocked, id=24579, stack(0x000000016ed08000,0x000000016ef0b000) (2060K)]
  0x0000000ba2d51500 JavaThread "Monitor Deflation Thread"   daemon [_thread_blocked, id=28163, stack(0x000000016ef14000,0x000000016f117000) (2060K)]
  0x0000000103242590 JavaThread "C2 CompilerThread0"         daemon [_thread_blocked, id=27651, stack(0x000000016f120000,0x000000016f323000) (2060K)]
  0x0000000103242d90 JavaThread "C1 CompilerThread0"         daemon [_thread_blocked, id=25091, stack(0x000000016f32c000,0x000000016f52f000) (2060K)]
  0x0000000ba2d51c00 JavaThread "Common-Cleaner"             daemon [_thread_blocked, id=27139, stack(0x000000016f538000,0x000000016f73b000) (2060K)]
  0x0000000ba2d52300 JavaThread "Monitor Ctrl-Break"         daemon [_thread_in_native, id=26627, stack(0x000000016f744000,0x000000016f947000) (2060K)]
  0x0000000ba2d52a00 JavaThread "Notification Thread"        daemon [_thread_blocked, id=26115, stack(0x000000016f950000,0x000000016fb53000) (2060K)]
  0x0000000ba0064700 JavaThread "Catalina-utility-1"                [_thread_blocked, id=33811, stack(0x00000001709b0000,0x0000000170bb3000) (2060K)]
  0x0000000ba0064e00 JavaThread "Catalina-utility-2"                [_thread_blocked, id=35075, stack(0x00000001711e0000,0x00000001713e3000) (2060K)]
  0x0000000ba0065500 JavaThread "container-0"                       [_thread_blocked, id=40195, stack(0x00000001713ec000,0x00000001715ef000) (2060K)]
  0x0000000ba0067100 JavaThread "File Watcher"               daemon [_thread_blocked, id=35587, stack(0x00000001715f8000,0x00000001717fb000) (2060K)]
  0x0000000ba0067800 JavaThread "Live Reload Server"         daemon [_thread_in_native, id=36107, stack(0x0000000171a10000,0x0000000171c13000) (2060K)]
  0x0000000ba0c64e00 JavaThread "http-nio-8080-exec-1"       daemon [_thread_blocked, id=39683, stack(0x0000000171804000,0x0000000171a07000) (2060K)]
  0x0000000ba0c66a00 JavaThread "http-nio-8080-exec-2"       daemon [_thread_blocked, id=36355, stack(0x0000000171c1c000,0x0000000171e1f000) (2060K)]
  0x0000000b9fe58000 JavaThread "http-nio-8080-exec-3"       daemon [_thread_blocked, id=38915, stack(0x0000000171e28000,0x000000017202b000) (2060K)]
  0x0000000b9fe58700 JavaThread "http-nio-8080-exec-4"       daemon [_thread_blocked, id=36867, stack(0x0000000172034000,0x0000000172237000) (2060K)]
  0x0000000b9fe58e00 JavaThread "http-nio-8080-exec-5"       daemon [_thread_blocked, id=38659, stack(0x0000000172240000,0x0000000172443000) (2060K)]
=>0x0000000b9fe59500 JavaThread "http-nio-8080-exec-6"       daemon [_thread_in_native, id=38403, stack(0x000000017244c000,0x000000017264f000) (2060K)]
  0x0000000b9fe59c00 JavaThread "http-nio-8080-exec-7"       daemon [_thread_blocked, id=37891, stack(0x0000000172658000,0x000000017285b000) (2060K)]
  0x0000000b9fe5a300 JavaThread "http-nio-8080-exec-8"       daemon [_thread_blocked, id=43523, stack(0x0000000172864000,0x0000000172a67000) (2060K)]
  0x0000000b9fe5aa00 JavaThread "http-nio-8080-exec-9"       daemon [_thread_blocked, id=65283, stack(0x0000000172a70000,0x0000000172c73000) (2060K)]
  0x0000000b9fe5b100 JavaThread "http-nio-8080-exec-10"      daemon [_thread_blocked, id=65027, stack(0x0000000172c7c000,0x0000000172e7f000) (2060K)]
  0x0000000b9fe5b800 JavaThread "http-nio-8080-Poller"       daemon [_thread_in_native, id=64771, stack(0x0000000172e88000,0x000000017308b000) (2060K)]
  0x0000000b9fe5c000 JavaThread "http-nio-8080-Acceptor"     daemon [_thread_in_native, id=64259, stack(0x0000000173094000,0x0000000173297000) (2060K)]
  0x0000000b9fe5c700 JavaThread "DestroyJavaVM"                     [_thread_blocked, id=4611, stack(0x000000016d56c000,0x000000016d76f000) (2060K)]
  0x0000000b9fe5ce00 JavaThread "Java2D Disposer"            daemon [_thread_blocked, id=32779, stack(0x000000016fb5c000,0x000000016fd5f000) (2060K)]
  0x0000000b9fe5d500 JavaThread "JNA Cleaner"                daemon [_thread_blocked, id=25611, stack(0x000000016fd68000,0x000000016ff6b000) (2060K)]
Total: 30

Other Threads:
  0x0000000ba3159800 VMThread "VM Thread"                           [id=18179, stack(0x000000016e3c0000,0x000000016e5c3000) (2060K)]
  0x0000000103237730 WatcherThread "VM Periodic Task Thread"        [id=20995, stack(0x000000016e1b4000,0x000000016e3b7000) (2060K)]
  0x000000010322fd30 WorkerThread "GC Thread#0"                     [id=14083, stack(0x000000016d778000,0x000000016d97b000) (2060K)]
  0x0000000ba33fe400 WorkerThread "GC Thread#1"                     [id=43011, stack(0x000000016ff74000,0x0000000170177000) (2060K)]
  0x0000000ba33fe800 WorkerThread "GC Thread#2"                     [id=33283, stack(0x0000000170180000,0x0000000170383000) (2060K)]
  0x0000000ba33fec00 WorkerThread "GC Thread#3"                     [id=42499, stack(0x000000017038c000,0x000000017058f000) (2060K)]
  0x0000000ba33ff000 WorkerThread "GC Thread#4"                     [id=41987, stack(0x0000000170598000,0x000000017079b000) (2060K)]
  0x0000000ba33ff400 WorkerThread "GC Thread#5"                     [id=33539, stack(0x00000001707a4000,0x00000001709a7000) (2060K)]
  0x0000000ba37fdc00 WorkerThread "GC Thread#6"                     [id=34051, stack(0x0000000170bbc000,0x0000000170dbf000) (2060K)]
  0x0000000ba37fe000 WorkerThread "GC Thread#7"                     [id=34307, stack(0x0000000170dc8000,0x0000000170fcb000) (2060K)]
  0x00000001032306c0 ConcurrentGCThread "G1 Main Marker"            [id=13571, stack(0x000000016d984000,0x000000016db87000) (2060K)]
  0x0000000103231170 WorkerThread "G1 Conc#0"                       [id=13315, stack(0x000000016db90000,0x000000016dd93000) (2060K)]
  0x0000000ba3e09800 WorkerThread "G1 Conc#1"                       [id=34827, stack(0x0000000170fd4000,0x00000001711d7000) (2060K)]
  0x0000000103234510 ConcurrentGCThread "G1 Refine#0"               [id=13059, stack(0x000000016dd9c000,0x000000016df9f000) (2060K)]
  0x0000000ba3158400 ConcurrentGCThread "G1 Service"                [id=21507, stack(0x000000016dfa8000,0x000000016e1ab000) (2060K)]
Total: 15

Threads with active compile tasks:
Total: 0

VM state: not at safepoint (normal execution)

VM Mutex/Monitor currently owned by a thread: None

Heap address: 0x0000000780000000, size: 2048 MB, Compressed Oops mode: Zero based, Oop shift amount: 3

CDS archive(s) mapped at: [0x0000000300000000-0x0000000300c90000-0x0000000300c90000), size 13172736, SharedBaseAddress: 0x0000000300000000, ArchiveRelocationMode: 1.
Compressed class space mapped at: 0x0000000301000000-0x0000000341000000, reserved size: 1073741824
Narrow klass base: 0x0000000300000000, Narrow klass shift: 0, Narrow klass range: 0x100000000

GC Precious Log:
 CardTable entry size: 512
 Card Set container configuration: InlinePtr #cards 5 size 8 Array Of Cards #cards 12 size 40 Howl #buckets 4 coarsen threshold 1843 Howl Bitmap #cards 512 size 80 coarsen threshold 460 Card regions per heap region 1 cards per card region 2048
 CPUs: 8 total, 8 available
 Memory: 8192M
 Large Page Support: Disabled
 NUMA Support: Disabled
 Compressed Oops: Enabled (Zero based)
 Heap Region Size: 1M
 Heap Min Capacity: 8M
 Heap Initial Capacity: 128M
 Heap Max Capacity: 2G
 Pre-touch: Disabled
 Parallel Workers: 8
 Concurrent Workers: 2
 Concurrent Refinement Workers: 8
 Periodic GC: Disabled

Heap:
 garbage-first heap   total 73728K, used 69663K [0x0000000780000000, 0x0000000800000000)
  region size 1024K, 17 young (17408K), 3 survivors (3072K)
 Metaspace       used 41762K, committed 42368K, reserved 1114112K
  class space    used 5358K, committed 5632K, reserved 1048576K

Heap Regions: E=young(eden), S=young(survivor), O=old, HS=humongous(starts), HC=humongous(continues), CS=collection set, F=free, TAMS=top-at-mark-start, PB=parsable bottom
|   0|0x0000000780000000, 0x0000000780100000, 0x0000000780100000|100%| O|  |TAMS 0x0000000780000000| PB 0x0000000780000000| Untracked 
|   1|0x0000000780100000, 0x0000000780200000, 0x0000000780200000|100%| O|  |TAMS 0x0000000780100000| PB 0x0000000780100000| Untracked 
|   2|0x0000000780200000, 0x0000000780300000, 0x0000000780300000|100%| O|  |TAMS 0x0000000780200000| PB 0x0000000780200000| Untracked 
|   3|0x0000000780300000, 0x0000000780400000, 0x0000000780400000|100%| O|  |TAMS 0x0000000780300000| PB 0x0000000780300000| Untracked 
|   4|0x0000000780400000, 0x0000000780500000, 0x0000000780500000|100%| O|  |TAMS 0x0000000780400000| PB 0x0000000780400000| Untracked 
|   5|0x0000000780500000, 0x0000000780600000, 0x0000000780600000|100%| O|  |TAMS 0x0000000780500000| PB 0x0000000780500000| Untracked 
|   6|0x0000000780600000, 0x0000000780700000, 0x0000000780700000|100%| O|  |TAMS 0x0000000780600000| PB 0x0000000780600000| Untracked 
|   7|0x0000000780700000, 0x0000000780800000, 0x0000000780800000|100%| O|  |TAMS 0x0000000780700000| PB 0x0000000780700000| Untracked 
|   8|0x0000000780800000, 0x0000000780900000, 0x0000000780900000|100%| O|  |TAMS 0x0000000780800000| PB 0x0000000780800000| Untracked 
|   9|0x0000000780900000, 0x0000000780a00000, 0x0000000780a00000|100%| O|  |TAMS 0x0000000780900000| PB 0x0000000780900000| Untracked 
|  10|0x0000000780a00000, 0x0000000780b00000, 0x0000000780b00000|100%| O|  |TAMS 0x0000000780a00000| PB 0x0000000780a00000| Untracked 
|  11|0x0000000780b00000, 0x0000000780c00000, 0x0000000780c00000|100%| O|  |TAMS 0x0000000780b00000| PB 0x0000000780b00000| Untracked 
|  12|0x0000000780c00000, 0x0000000780d00000, 0x0000000780d00000|100%| O|  |TAMS 0x0000000780c00000| PB 0x0000000780c00000| Untracked 
|  13|0x0000000780d00000, 0x0000000780e00000, 0x0000000780e00000|100%|HS|  |TAMS 0x0000000780d00000| PB 0x0000000780d00000| Complete 
|  14|0x0000000780e00000, 0x0000000780f00000, 0x0000000780f00000|100%|HC|  |TAMS 0x0000000780e00000| PB 0x0000000780e00000| Complete 
|  15|0x0000000780f00000, 0x0000000781000000, 0x0000000781000000|100%|HC|  |TAMS 0x0000000780f00000| PB 0x0000000780f00000| Complete 
|  16|0x0000000781000000, 0x0000000781100000, 0x0000000781100000|100%|HC|  |TAMS 0x0000000781000000| PB 0x0000000781000000| Complete 
|  17|0x0000000781100000, 0x0000000781200000, 0x0000000781200000|100%|HC|  |TAMS 0x0000000781100000| PB 0x0000000781100000| Complete 
|  18|0x0000000781200000, 0x0000000781300000, 0x0000000781300000|100%|HC|  |TAMS 0x0000000781200000| PB 0x0000000781200000| Complete 
|  19|0x0000000781300000, 0x0000000781400000, 0x0000000781400000|100%|HC|  |TAMS 0x0000000781300000| PB 0x0000000781300000| Complete 
|  20|0x0000000781400000, 0x0000000781500000, 0x0000000781500000|100%|HC|  |TAMS 0x0000000781400000| PB 0x0000000781400000| Complete 
|  21|0x0000000781500000, 0x0000000781600000, 0x0000000781600000|100%|HC|  |TAMS 0x0000000781500000| PB 0x0000000781500000| Complete 
|  22|0x0000000781600000, 0x0000000781700000, 0x0000000781700000|100%|HC|  |TAMS 0x0000000781600000| PB 0x0000000781600000| Complete 
|  23|0x0000000781700000, 0x0000000781800000, 0x0000000781800000|100%|HC|  |TAMS 0x0000000781700000| PB 0x0000000781700000| Complete 
|  24|0x0000000781800000, 0x0000000781900000, 0x0000000781900000|100%|HC|  |TAMS 0x0000000781800000| PB 0x0000000781800000| Complete 
|  25|0x0000000781900000, 0x0000000781a00000, 0x0000000781a00000|100%|HS|  |TAMS 0x0000000781900000| PB 0x0000000781900000| Complete 
|  26|0x0000000781a00000, 0x0000000781b00000, 0x0000000781b00000|100%|HC|  |TAMS 0x0000000781a00000| PB 0x0000000781a00000| Complete 
|  27|0x0000000781b00000, 0x0000000781c00000, 0x0000000781c00000|100%|HC|  |TAMS 0x0000000781b00000| PB 0x0000000781b00000| Complete 
|  28|0x0000000781c00000, 0x0000000781d00000, 0x0000000781d00000|100%|HC|  |TAMS 0x0000000781c00000| PB 0x0000000781c00000| Complete 
|  29|0x0000000781d00000, 0x0000000781e00000, 0x0000000781e00000|100%|HC|  |TAMS 0x0000000781d00000| PB 0x0000000781d00000| Complete 
|  30|0x0000000781e00000, 0x0000000781f00000, 0x0000000781f00000|100%|HC|  |TAMS 0x0000000781e00000| PB 0x0000000781e00000| Complete 
|  31|0x0000000781f00000, 0x0000000782000000, 0x0000000782000000|100%|HC|  |TAMS 0x0000000781f00000| PB 0x0000000781f00000| Complete 
|  32|0x0000000782000000, 0x0000000782100000, 0x0000000782100000|100%|HC|  |TAMS 0x0000000782000000| PB 0x0000000782000000| Complete 
|  33|0x0000000782100000, 0x0000000782200000, 0x0000000782200000|100%|HC|  |TAMS 0x0000000782100000| PB 0x0000000782100000| Complete 
|  34|0x0000000782200000, 0x0000000782300000, 0x0000000782300000|100%|HC|  |TAMS 0x0000000782200000| PB 0x0000000782200000| Complete 
|  35|0x0000000782300000, 0x0000000782400000, 0x0000000782400000|100%|HC|  |TAMS 0x0000000782300000| PB 0x0000000782300000| Complete 
|  36|0x0000000782400000, 0x0000000782500000, 0x0000000782500000|100%|HC|  |TAMS 0x0000000782400000| PB 0x0000000782400000| Complete 
|  37|0x0000000782500000, 0x0000000782500000, 0x0000000782600000|  0%| F|  |TAMS 0x0000000782500000| PB 0x0000000782500000| Untracked 
|  38|0x0000000782600000, 0x0000000782681fe0, 0x0000000782700000| 50%| E|  |TAMS 0x0000000782600000| PB 0x0000000782600000| Complete 
|  39|0x0000000782700000, 0x0000000782800000, 0x0000000782800000|100%| E|  |TAMS 0x0000000782700000| PB 0x0000000782700000| Complete 
|  40|0x0000000782800000, 0x0000000782900000, 0x0000000782900000|100%| E|CS|TAMS 0x0000000782800000| PB 0x0000000782800000| Complete 
|  41|0x0000000782900000, 0x0000000782a00000, 0x0000000782a00000|100%| E|CS|TAMS 0x0000000782900000| PB 0x0000000782900000| Complete 
|  42|0x0000000782a00000, 0x0000000782b00000, 0x0000000782b00000|100%| E|CS|TAMS 0x0000000782a00000| PB 0x0000000782a00000| Complete 
|  43|0x0000000782b00000, 0x0000000782c00000, 0x0000000782c00000|100%| E|CS|TAMS 0x0000000782b00000| PB 0x0000000782b00000| Complete 
|  44|0x0000000782c00000, 0x0000000782d00000, 0x0000000782d00000|100%| E|CS|TAMS 0x0000000782c00000| PB 0x0000000782c00000| Complete 
|  45|0x0000000782d00000, 0x0000000782e00000, 0x0000000782e00000|100%| S|CS|TAMS 0x0000000782d00000| PB 0x0000000782d00000| Complete 
|  46|0x0000000782e00000, 0x0000000782f00000, 0x0000000782f00000|100%| S|CS|TAMS 0x0000000782e00000| PB 0x0000000782e00000| Complete 
|  47|0x0000000782f00000, 0x0000000783000000, 0x0000000783000000|100%| S|CS|TAMS 0x0000000782f00000| PB 0x0000000782f00000| Complete 
|  48|0x0000000783000000, 0x0000000783100000, 0x0000000783100000|100%|HS|  |TAMS 0x0000000783000000| PB 0x0000000783000000| Complete 
|  49|0x0000000783100000, 0x0000000783200000, 0x0000000783200000|100%|HC|  |TAMS 0x0000000783100000| PB 0x0000000783100000| Complete 
|  50|0x0000000783200000, 0x0000000783300000, 0x0000000783300000|100%|HC|  |TAMS 0x0000000783200000| PB 0x0000000783200000| Complete 
|  51|0x0000000783300000, 0x0000000783400000, 0x0000000783400000|100%|HC|  |TAMS 0x0000000783300000| PB 0x0000000783300000| Complete 
|  52|0x0000000783400000, 0x0000000783500000, 0x0000000783500000|100%|HC|  |TAMS 0x0000000783400000| PB 0x0000000783400000| Complete 
|  53|0x0000000783500000, 0x0000000783600000, 0x0000000783600000|100%|HC|  |TAMS 0x0000000783500000| PB 0x0000000783500000| Complete 
|  54|0x0000000783600000, 0x0000000783700000, 0x0000000783700000|100%|HC|  |TAMS 0x0000000783600000| PB 0x0000000783600000| Complete 
|  55|0x0000000783700000, 0x0000000783800000, 0x0000000783800000|100%|HC|  |TAMS 0x0000000783700000| PB 0x0000000783700000| Complete 
|  56|0x0000000783800000, 0x0000000783900000, 0x0000000783900000|100%|HC|  |TAMS 0x0000000783800000| PB 0x0000000783800000| Complete 
|  57|0x0000000783900000, 0x0000000783a00000, 0x0000000783a00000|100%|HC|  |TAMS 0x0000000783900000| PB 0x0000000783900000| Complete 
|  58|0x0000000783a00000, 0x0000000783b00000, 0x0000000783b00000|100%|HC|  |TAMS 0x0000000783a00000| PB 0x0000000783a00000| Complete 
|  59|0x0000000783b00000, 0x0000000783c00000, 0x0000000783c00000|100%|HC|  |TAMS 0x0000000783b00000| PB 0x0000000783b00000| Complete 
|  93|0x0000000785d00000, 0x0000000785e00000, 0x0000000785e00000|100%| E|CS|TAMS 0x0000000785d00000| PB 0x0000000785d00000| Complete 
|  94|0x0000000785e00000, 0x0000000785f00000, 0x0000000785f00000|100%| E|CS|TAMS 0x0000000785e00000| PB 0x0000000785e00000| Complete 
|  95|0x0000000785f00000, 0x0000000786000000, 0x0000000786000000|100%| E|CS|TAMS 0x0000000785f00000| PB 0x0000000785f00000| Complete 
|  96|0x0000000786000000, 0x0000000786100000, 0x0000000786100000|100%| E|CS|TAMS 0x0000000786000000| PB 0x0000000786000000| Complete 
|  97|0x0000000786100000, 0x0000000786200000, 0x0000000786200000|100%| E|CS|TAMS 0x0000000786100000| PB 0x0000000786100000| Complete 
|  98|0x0000000786200000, 0x0000000786300000, 0x0000000786300000|100%| E|CS|TAMS 0x0000000786200000| PB 0x0000000786200000| Complete 
| 127|0x0000000787f00000, 0x0000000788000000, 0x0000000788000000|100%| E|CS|TAMS 0x0000000787f00000| PB 0x0000000787f00000| Complete 
|2043|0x00000007ffb00000, 0x00000007ffc00000, 0x00000007ffc00000|100%| O|  |TAMS 0x00000007ffb00000| PB 0x00000007ffb00000| Untracked 
|2044|0x00000007ffc00000, 0x00000007ffd00000, 0x00000007ffd00000|100%| O|  |TAMS 0x00000007ffc00000| PB 0x00000007ffc00000| Untracked 
|2045|0x00000007ffd00000, 0x00000007ffe00000, 0x00000007ffe00000|100%| O|  |TAMS 0x00000007ffd00000| PB 0x00000007ffd00000| Untracked 
|2046|0x00000007ffe00000, 0x00000007fff00000, 0x00000007fff00000|100%| O|  |TAMS 0x00000007ffe00000| PB 0x00000007ffe00000| Untracked 
|2047|0x00000007fff00000, 0x00000007fff07ed0, 0x0000000800000000|  3%| O|Cm|TAMS 0x00000007fff00000| PB 0x00000007fff00000| Complete 

Card table byte_map: [0x0000000107be4000,0x0000000107fe4000] _byte_map_base: 0x0000000103fe4000

Marking Bits: (CMBitMap*) 0x0000000ba2c34a10
 Bits: [0x0000000120acc000, 0x0000000122acc000)

Polling page: 0x00000001029f8000

Metaspace:

Usage:
  Non-class:     35.55 MB used.
      Class:      5.23 MB used.
       Both:     40.78 MB used.

Virtual space:
  Non-class space:       64.00 MB reserved,      35.88 MB ( 56%) committed,  1 nodes.
      Class space:        1.00 GB reserved,       5.50 MB ( <1%) committed,  1 nodes.
             Both:        1.06 GB reserved,      41.38 MB (  4%) committed. 

Chunk freelists:
   Non-Class:  12.06 MB
       Class:  10.48 MB
        Both:  22.55 MB

MaxMetaspaceSize: unlimited
CompressedClassSpaceSize: 1.00 GB
Initial GC threshold: 21.00 MB
Current GC threshold: 58.88 MB
CDS: on
 - commit_granule_bytes: 65536.
 - commit_granule_words: 8192.
 - virtual_space_node_default_size: 8388608.
 - enlarge_chunks_in_place: 1.
 - use_allocation_guard: 0.


Internal statistics:

num_allocs_failed_limit: 6.
num_arena_births: 770.
num_arena_deaths: 0.
num_vsnodes_births: 2.
num_vsnodes_deaths: 0.
num_space_committed: 662.
num_space_uncommitted: 0.
num_chunks_returned_to_freelist: 6.
num_chunks_taken_from_freelist: 2298.
num_chunk_merges: 3.
num_chunk_splits: 1552.
num_chunks_enlarged: 1116.
num_inconsistent_stats: 0.

CodeHeap 'non-profiled nmethods': size=120032Kb used=1747Kb max_used=1747Kb free=118284Kb
 bounds [0x0000000119594000, 0x0000000119804000, 0x0000000120acc000]
CodeHeap 'profiled nmethods': size=120016Kb used=8397Kb max_used=8397Kb free=111618Kb
 bounds [0x0000000111acc000, 0x000000011230c000, 0x0000000119000000]
CodeHeap 'non-nmethods': size=5712Kb used=1451Kb max_used=1530Kb free=4260Kb
 bounds [0x0000000119000000, 0x0000000119270000, 0x0000000119594000]
 total_blobs=4892 nmethods=4272 adapters=528
 compilation: enabled
              stopped_count=0, restarted_count=0
 full_count=0

Compilation events (20 events):
Event: 173.757 Thread 0x0000000103242590 4663       4       jdk.internal.org.objectweb.asm.Label::resolve (219 bytes)
Event: 173.759 Thread 0x0000000103242590 nmethod 4663 0x0000000119744d10 code [0x0000000119744ec0, 0x0000000119745158]
Event: 173.759 Thread 0x0000000103242590 4678       4       sun.awt.image.ByteInterleavedRaster::getByteData (851 bytes)
Event: 173.765 Thread 0x0000000103242590 nmethod 4678 0x0000000119745390 code [0x0000000119745580, 0x0000000119745cd0]
Event: 173.765 Thread 0x0000000103242590 4662       4       jdk.internal.org.objectweb.asm.MethodWriter::visitVarInsn (302 bytes)
Event: 173.769 Thread 0x0000000103242590 nmethod 4662 0x0000000119746210 code [0x0000000119746440, 0x00000001197469a8]
Event: 173.769 Thread 0x0000000103242590 4664       4       jdk.internal.org.objectweb.asm.Frame::merge (317 bytes)
Event: 173.770 Thread 0x0000000103242590 nmethod 4664 0x0000000119746d90 code [0x0000000119746f40, 0x00000001197471d0]
Event: 173.770 Thread 0x0000000103242590 4655       4       sun.net.www.ParseUtil::encodePath (41 bytes)
Event: 173.772 Thread 0x0000000103242590 nmethod 4655 0x0000000119747410 code [0x00000001197475c0, 0x0000000119747878]
Event: 173.772 Thread 0x0000000103242590 4674       4       jdk.internal.org.objectweb.asm.ByteVector::putInt (74 bytes)
Event: 173.772 Thread 0x0000000103242590 nmethod 4674 0x0000000119747b10 code [0x0000000119747cc0, 0x0000000119747e30]
Event: 173.772 Thread 0x0000000103242590 4665       4       jdk.internal.org.objectweb.asm.Frame::pop (46 bytes)
Event: 173.772 Thread 0x0000000103242590 nmethod 4665 0x0000000119747f90 code [0x0000000119748100, 0x00000001197481b0]
Event: 173.772 Thread 0x0000000103242590 4666       4       jdk.internal.org.objectweb.asm.Frame::pop (42 bytes)
Event: 173.773 Thread 0x0000000103242590 nmethod 4666 0x0000000119748290 code [0x0000000119748400, 0x0000000119748500]
Event: 173.773 Thread 0x0000000103242590 4654       4       java.lang.StringLatin1::indexOf (37 bytes)
Event: 173.773 Thread 0x0000000103242590 nmethod 4654 0x0000000119748590 code [0x0000000119748700, 0x00000001197488d0]
Event: 173.773 Thread 0x0000000103242590 4656       4       java.util.ArrayDeque::addLast (51 bytes)
Event: 173.775 Thread 0x0000000103242590 nmethod 4656 0x0000000119748990 code [0x0000000119748b40, 0x0000000119748dc0]

GC Heap History (14 events):
Event: 0.472 GC heap before
{Heap before GC invocations=0 (full 0):
 garbage-first heap   total 133120K, used 23583K [0x0000000780000000, 0x0000000800000000)
  region size 1024K, 23 young (23552K), 0 survivors (0K)
 Metaspace       used 5773K, committed 6080K, reserved 1114112K
  class space    used 661K, committed 832K, reserved 1048576K
}
Event: 0.475 GC heap after
{Heap after GC invocations=1 (full 0):
 garbage-first heap   total 133120K, used 6167K [0x0000000780000000, 0x0000000800000000)
  region size 1024K, 3 young (3072K), 3 survivors (3072K)
 Metaspace       used 5773K, committed 6080K, reserved 1114112K
  class space    used 661K, committed 832K, reserved 1048576K
}
Event: 0.873 GC heap before
{Heap before GC invocations=1 (full 0):
 garbage-first heap   total 133120K, used 42007K [0x0000000780000000, 0x0000000800000000)
  region size 1024K, 38 young (38912K), 3 survivors (3072K)
 Metaspace       used 14981K, committed 15424K, reserved 1114112K
  class space    used 1981K, committed 2176K, reserved 1048576K
}
Event: 0.876 GC heap after
{Heap after GC invocations=2 (full 0):
 garbage-first heap   total 133120K, used 9113K [0x0000000780000000, 0x0000000800000000)
  region size 1024K, 3 young (3072K), 3 survivors (3072K)
 Metaspace       used 14981K, committed 15424K, reserved 1114112K
  class space    used 1981K, committed 2176K, reserved 1048576K
}
Event: 1.074 GC heap before
{Heap before GC invocations=2 (full 0):
 garbage-first heap   total 133120K, used 36761K [0x0000000780000000, 0x0000000800000000)
  region size 1024K, 32 young (32768K), 3 survivors (3072K)
 Metaspace       used 21097K, committed 21504K, reserved 1114112K
  class space    used 2656K, committed 2816K, reserved 1048576K
}
Event: 1.077 GC heap after
{Heap after GC invocations=3 (full 0):
 garbage-first heap   total 133120K, used 11972K [0x0000000780000000, 0x0000000800000000)
  region size 1024K, 6 young (6144K), 6 survivors (6144K)
 Metaspace       used 21097K, committed 21504K, reserved 1114112K
  class space    used 2656K, committed 2816K, reserved 1048576K
}
Event: 1.455 GC heap before
{Heap before GC invocations=4 (full 0):
 garbage-first heap   total 48128K, used 45764K [0x0000000780000000, 0x0000000800000000)
  region size 1024K, 39 young (39936K), 6 survivors (6144K)
 Metaspace       used 26318K, committed 26752K, reserved 1114112K
  class space    used 3394K, committed 3584K, reserved 1048576K
}
Event: 1.458 GC heap after
{Heap after GC invocations=5 (full 0):
 garbage-first heap   total 58368K, used 15214K [0x0000000780000000, 0x0000000800000000)
  region size 1024K, 7 young (7168K), 7 survivors (7168K)
 Metaspace       used 26318K, committed 26752K, reserved 1114112K
  class space    used 3394K, committed 3584K, reserved 1048576K
}
Event: 1.722 GC heap before
{Heap before GC invocations=5 (full 0):
 garbage-first heap   total 58368K, used 42862K [0x0000000780000000, 0x0000000800000000)
  region size 1024K, 34 young (34816K), 7 survivors (7168K)
 Metaspace       used 33108K, committed 33664K, reserved 1114112K
  class space    used 4225K, committed 4480K, reserved 1048576K
}
Event: 1.725 GC heap after
{Heap after GC invocations=6 (full 0):
 garbage-first heap   total 58368K, used 17515K [0x0000000780000000, 0x0000000800000000)
  region size 1024K, 3 young (3072K), 3 survivors (3072K)
 Metaspace       used 33108K, committed 33664K, reserved 1114112K
  class space    used 4225K, committed 4480K, reserved 1048576K
}
Event: 1.856 GC heap before
{Heap before GC invocations=6 (full 0):
 garbage-first heap   total 58368K, used 29803K [0x0000000780000000, 0x0000000800000000)
  region size 1024K, 16 young (16384K), 3 survivors (3072K)
 Metaspace       used 35430K, committed 35968K, reserved 1114112K
  class space    used 4561K, committed 4800K, reserved 1048576K
}
Event: 1.858 GC heap after
{Heap after GC invocations=7 (full 0):
 garbage-first heap   total 58368K, used 19007K [0x0000000780000000, 0x0000000800000000)
  region size 1024K, 2 young (2048K), 2 survivors (2048K)
 Metaspace       used 35430K, committed 35968K, reserved 1114112K
  class space    used 4561K, committed 4800K, reserved 1048576K
}
Event: 173.185 GC heap before
{Heap before GC invocations=8 (full 0):
 garbage-first heap   total 58368K, used 56895K [0x0000000780000000, 0x0000000800000000)
  region size 1024K, 27 young (27648K), 2 survivors (2048K)
 Metaspace       used 41193K, committed 41792K, reserved 1114112K
  class space    used 5301K, committed 5568K, reserved 1048576K
}
Event: 173.196 GC heap after
{Heap after GC invocations=9 (full 0):
 garbage-first heap   total 61440K, used 32799K [0x0000000780000000, 0x0000000800000000)
  region size 1024K, 3 young (3072K), 3 survivors (3072K)
 Metaspace       used 41193K, committed 41792K, reserved 1114112K
  class space    used 5301K, committed 5568K, reserved 1048576K
}

Dll operation events (13 events):
Event: 0.006 Loaded shared library /opt/homebrew/Cellar/openjdk@21/21.0.5/libexec/openjdk.jdk/Contents/Home/lib/libjava.dylib
Event: 0.050 Loaded shared library /opt/homebrew/Cellar/openjdk@21/21.0.5/libexec/openjdk.jdk/Contents/Home/lib/libzip.dylib
Event: 0.051 Loaded shared library /opt/homebrew/Cellar/openjdk@21/21.0.5/libexec/openjdk.jdk/Contents/Home/lib/libinstrument.dylib
Event: 0.054 Loaded shared library /opt/homebrew/Cellar/openjdk@21/21.0.5/libexec/openjdk.jdk/Contents/Home/lib/libnio.dylib
Event: 0.056 Loaded shared library /opt/homebrew/Cellar/openjdk@21/21.0.5/libexec/openjdk.jdk/Contents/Home/lib/libzip.dylib
Event: 0.158 Loaded shared library /opt/homebrew/Cellar/openjdk@21/21.0.5/libexec/openjdk.jdk/Contents/Home/lib/libnet.dylib
Event: 0.164 Loaded shared library /opt/homebrew/Cellar/openjdk@21/21.0.5/libexec/openjdk.jdk/Contents/Home/lib/libextnet.dylib
Event: 0.185 Loaded shared library /opt/homebrew/Cellar/openjdk@21/21.0.5/libexec/openjdk.jdk/Contents/Home/lib/libjimage.dylib
Event: 0.353 Loaded shared library /opt/homebrew/Cellar/openjdk@21/21.0.5/libexec/openjdk.jdk/Contents/Home/lib/libmanagement.dylib
Event: 0.357 Loaded shared library /opt/homebrew/Cellar/openjdk@21/21.0.5/libexec/openjdk.jdk/Contents/Home/lib/libmanagement_ext.dylib
Event: 173.103 Loaded shared library /opt/homebrew/Cellar/openjdk@21/21.0.5/libexec/openjdk.jdk/Contents/Home/lib/libawt.dylib
Event: 173.121 Loaded shared library /opt/homebrew/Cellar/openjdk@21/21.0.5/libexec/openjdk.jdk/Contents/Home/lib/libawt_lwawt.dylib
Event: 173.646 Loaded shared library /Users/azhaannazim/Library/Caches/JNA/temp/jna3285950524552075970.tmp

Deoptimization events (20 events):
Event: 173.764 Thread 0x0000000b9fe59500 DEOPT PACKING pc=0x00000001122db880 sp=0x000000017264c310
Event: 173.764 Thread 0x0000000b9fe59500 DEOPT UNPACKING pc=0x0000000119042e7c sp=0x000000017264bf90 mode 0
Event: 173.764 Thread 0x0000000b9fe59500 DEOPT PACKING pc=0x00000001122db880 sp=0x000000017264c310
Event: 173.764 Thread 0x0000000b9fe59500 DEOPT UNPACKING pc=0x0000000119042e7c sp=0x000000017264bf90 mode 0
Event: 173.765 Thread 0x0000000b9fe59500 DEOPT PACKING pc=0x00000001122db880 sp=0x000000017264c310
Event: 173.765 Thread 0x0000000b9fe59500 DEOPT UNPACKING pc=0x0000000119042e7c sp=0x000000017264bf90 mode 0
Event: 173.765 Thread 0x0000000b9fe59500 DEOPT PACKING pc=0x00000001122db880 sp=0x000000017264c310
Event: 173.765 Thread 0x0000000b9fe59500 DEOPT UNPACKING pc=0x0000000119042e7c sp=0x000000017264bf90 mode 0
Event: 173.765 Thread 0x0000000b9fe59500 DEOPT PACKING pc=0x00000001122db880 sp=0x000000017264c310
Event: 173.765 Thread 0x0000000b9fe59500 DEOPT UNPACKING pc=0x0000000119042e7c sp=0x000000017264bf90 mode 0
Event: 173.765 Thread 0x0000000b9fe59500 DEOPT PACKING pc=0x00000001122db880 sp=0x000000017264c310
Event: 173.765 Thread 0x0000000b9fe59500 DEOPT UNPACKING pc=0x0000000119042e7c sp=0x000000017264bf90 mode 0
Event: 173.765 Thread 0x0000000b9fe59500 DEOPT PACKING pc=0x00000001122db880 sp=0x000000017264c310
Event: 173.765 Thread 0x0000000b9fe59500 DEOPT UNPACKING pc=0x0000000119042e7c sp=0x000000017264bf90 mode 0
Event: 173.765 Thread 0x0000000b9fe59500 DEOPT PACKING pc=0x00000001122db880 sp=0x000000017264c310
Event: 173.765 Thread 0x0000000b9fe59500 DEOPT UNPACKING pc=0x0000000119042e7c sp=0x000000017264bf90 mode 0
Event: 173.765 Thread 0x0000000b9fe59500 DEOPT PACKING pc=0x00000001122db880 sp=0x000000017264c310
Event: 173.765 Thread 0x0000000b9fe59500 DEOPT UNPACKING pc=0x0000000119042e7c sp=0x000000017264bf90 mode 0
Event: 173.765 Thread 0x0000000b9fe59500 DEOPT PACKING pc=0x00000001122db880 sp=0x000000017264c310
Event: 173.765 Thread 0x0000000b9fe59500 DEOPT UNPACKING pc=0x0000000119042e7c sp=0x000000017264bf90 mode 0

Classes loaded (20 events):
Event: 173.172 Loading class sun/awt/image/IntegerComponentRaster
Event: 173.172 Loading class sun/awt/image/IntegerComponentRaster done
Event: 173.172 Loading class sun/awt/image/ShortComponentRaster
Event: 173.172 Loading class sun/awt/image/ShortComponentRaster done
Event: 173.264 Loading class org/w3c/dom/Node
Event: 173.264 Loading class org/w3c/dom/Node done
Event: 173.264 Loading class javax/imageio/ImageWriteParam
Event: 173.264 Loading class javax/imageio/ImageWriteParam done
Event: 173.265 Loading class javax/imageio/IIOImage
Event: 173.265 Loading class javax/imageio/IIOImage done
Event: 173.269 Loading class java/lang/UnsatisfiedLinkError
Event: 173.269 Loading class java/lang/UnsatisfiedLinkError done
Event: 173.270 Loading class java/io/FilenameFilter
Event: 173.270 Loading class java/io/FilenameFilter done
Event: 173.271 Loading class java/io/File$TempDirectory
Event: 173.271 Loading class java/io/File$TempDirectory done
Event: 173.689 Loading class java/lang/foreign/ValueLayout
Event: 173.690 Loading class java/lang/foreign/MemoryLayout
Event: 173.690 Loading class java/lang/foreign/MemoryLayout done
Event: 173.690 Loading class java/lang/foreign/ValueLayout done

Classes unloaded (0 events):
No events

Classes redefined (0 events):
No events

Internal exceptions (20 events):
Event: 1.669 Thread 0x0000000ba0c64700 Exception <a 'java/lang/NoSuchMethodError'{0x00000007817f0768}: 'void java.lang.invoke.DirectMethodHandle$Holder.invokeStaticInit(java.lang.Object, java.lang.Object, java.lang.Object, java.lang.Object)'> (0x00000007817f0768) 
thrown [src/hotspot/share/interpreter/linkResolver.cpp, line 773]
Event: 1.762 Thread 0x0000000ba0c64700 Exception <a 'java/lang/NoSuchMethodError'{0x00000007860b00e0}: 'java.lang.Object java.lang.invoke.DirectMethodHandle$Holder.invokeInterface(java.lang.Object, java.lang.Object, java.lang.Object, java.lang.Object)'> (0x00000007860b00e0) 
thrown [src/hotspot/share/interpreter/linkResolver.cpp, line 773]
Event: 1.779 Thread 0x0000000ba0c64700 Exception <a 'java/lang/NoSuchMethodError'{0x0000000785e24890}: 'java.lang.Object java.lang.invoke.DirectMethodHandle$Holder.newInvokeSpecial(java.lang.Object, java.lang.Object, java.lang.Object, java.lang.Object, java.lang.Object, java.lang.Object, java.lang.Object, java.lang.Object)'> (0x0000000785e24890) 
thrown [src/hotspot/share/interpreter/linkResolver.cpp, line 773]
Event: 1.829 Thread 0x0000000ba0c64700 Exception <a 'java/lang/NoSuchMethodError'{0x0000000782ac1b50}: 'java.lang.Object java.lang.invoke.DirectMethodHandle$Holder.invokeSpecial(java.lang.Object, java.lang.Object, int, java.lang.Object, java.lang.Object)'> (0x0000000782ac1b50) 
thrown [src/hotspot/share/interpreter/linkResolver.cpp, line 773]
Event: 1.829 Thread 0x0000000ba0c64700 Exception <a 'java/lang/NoSuchMethodError'{0x0000000782ac5850}: 'java.lang.Object java.lang.invoke.DelegatingMethodHandle$Holder.delegate(java.lang.Object, int, java.lang.Object, java.lang.Object)'> (0x0000000782ac5850) 
thrown [src/hotspot/share/interpreter/linkResolver.cpp, line 773]
Event: 1.830 Thread 0x0000000ba0c64700 Exception <a 'java/lang/NoSuchMethodError'{0x0000000782ad53b8}: 'int java.lang.invoke.Invokers$Holder.linkToTargetMethod(java.lang.Object, java.lang.Object, java.lang.Object)'> (0x0000000782ad53b8) 
thrown [src/hotspot/share/interpreter/linkResolver.cpp, line 773]
Event: 1.835 Thread 0x0000000ba0c64700 Exception <a 'java/lang/IncompatibleClassChangeError'{0x0000000782935b20}: Found class java.lang.Object, but interface was expected> (0x0000000782935b20) 
thrown [src/hotspot/share/interpreter/linkResolver.cpp, line 840]
Event: 1.842 Thread 0x0000000ba0c64700 Implicit null exception at 0x0000000119683df0 to 0x0000000119683ebc
Event: 1.886 Thread 0x0000000ba0c64700 Exception <a 'java/lang/NoSuchMethodError'{0x0000000786141fa8}: 'int java.lang.invoke.DirectMethodHandle$Holder.invokeStatic(java.lang.Object)'> (0x0000000786141fa8) 
thrown [src/hotspot/share/interpreter/linkResolver.cpp, line 773]
Event: 1.887 Thread 0x0000000ba0c64700 Exception <a 'java/lang/NoSuchMethodError'{0x00000007861453f0}: 'int java.lang.invoke.DirectMethodHandle$Holder.invokeStaticInit(java.lang.Object)'> (0x00000007861453f0) 
thrown [src/hotspot/share/interpreter/linkResolver.cpp, line 773]
Event: 1.907 Thread 0x0000000ba0c64700 Exception <a 'java/lang/NoSuchMethodError'{0x0000000785fb9878}: 'int java.lang.invoke.DirectMethodHandle$Holder.invokeStaticInit(java.lang.Object, java.lang.Object, java.lang.Object, java.lang.Object)'> (0x0000000785fb9878) 
thrown [src/hotspot/share/interpreter/linkResolver.cpp, line 773]
Event: 1.933 Thread 0x0000000ba0c64700 Exception <a 'java/lang/NoSuchMethodError'{0x0000000782c4de68}: 'int java.lang.invoke.DirectMethodHandle$Holder.invokeStatic(java.lang.Object, java.lang.Object, java.lang.Object, java.lang.Object, java.lang.Object)'> (0x0000000782c4de68) 
thrown [src/hotspot/share/interpreter/linkResolver.cpp, line 773]
Event: 1.955 Thread 0x0000000ba0c64700 Exception <a 'java/lang/NoSuchMethodError'{0x0000000782a14ac8}: 'java.lang.Object java.lang.invoke.DirectMethodHandle$Holder.newInvokeSpecial(java.lang.Object, java.lang.Object, int, java.lang.Object, java.lang.Object)'> (0x0000000782a14ac8) 
thrown [src/hotspot/share/interpreter/linkResolver.cpp, line 773]
Event: 12.804 Thread 0x0000000b9fe5c000 Exception <a 'java/lang/NoSuchMethodError'{0x0000000782400ca8}: 'java.lang.Object java.lang.invoke.DirectMethodHandle$Holder.invokeStatic(java.lang.Object, java.lang.Object, java.lang.Object, int, int)'> (0x0000000782400ca8) 
thrown [src/hotspot/share/interpreter/linkResolver.cpp, line 773]
Event: 12.804 Thread 0x0000000b9fe5c000 Exception <a 'java/lang/NoSuchMethodError'{0x0000000782404458}: 'java.lang.Object java.lang.invoke.DirectMethodHandle$Holder.invokeStaticInit(java.lang.Object, java.lang.Object, java.lang.Object, int, int)'> (0x0000000782404458) 
thrown [src/hotspot/share/interpreter/linkResolver.cpp, line 773]
Event: 12.826 Thread 0x0000000ba0c64e00 Exception <a 'java/lang/NoSuchMethodError'{0x00000007823411a8}: 'java.lang.Object java.lang.invoke.DirectMethodHandle$Holder.invokeSpecial(java.lang.Object, java.lang.Object, java.lang.Object, java.lang.Object, java.lang.Object, long)'> (0x00000007823411a8) 
thrown [src/hotspot/share/interpreter/linkResolver.cpp, line 773]
Event: 12.826 Thread 0x0000000ba0c64e00 Exception <a 'java/lang/NoSuchMethodError'{0x0000000782344978}: 'java.lang.Object java.lang.invoke.Invokers$Holder.linkToTargetMethod(java.lang.Object, java.lang.Object, java.lang.Object, long, java.lang.Object)'> (0x0000000782344978) 
thrown [src/hotspot/share/interpreter/linkResolver.cpp, line 773]
Event: 173.096 Thread 0x0000000b9fe59500 Exception <a 'java/lang/ClassNotFoundException'{0x0000000781b0a458}: sun/awt/resources/spi/awtProvider> (0x0000000781b0a458) 
thrown [src/hotspot/share/classfile/systemDictionary.cpp, line 312]
Event: 173.123 Thread 0x0000000b9fe59500 Exception <a 'java/io/FileNotFoundException'{0x0000000781b16b88}> (0x0000000781b16b88) 
thrown [src/hotspot/share/prims/jni.cpp, line 520]
Event: 173.123 Thread 0x0000000b9fe59500 Exception <a 'java/io/FileNotFoundException'{0x0000000781b18338}> (0x0000000781b18338) 
thrown [src/hotspot/share/prims/jni.cpp, line 520]

ZGC Phase Switch (0 events):
No events

VM Operations (20 events):
Event: 66.114 Executing VM operation: Cleanup
Event: 66.114 Executing VM operation: Cleanup done
Event: 95.217 Executing VM operation: Cleanup
Event: 95.217 Executing VM operation: Cleanup done
Event: 102.243 Executing VM operation: Cleanup
Event: 102.243 Executing VM operation: Cleanup done
Event: 120.253 Executing VM operation: HandshakeAllThreads (HandshakeForDeflation)
Event: 120.253 Executing VM operation: HandshakeAllThreads (HandshakeForDeflation) done
Event: 120.254 Executing VM operation: RendezvousGCThreads
Event: 120.254 Executing VM operation: RendezvousGCThreads done
Event: 133.312 Executing VM operation: Cleanup
Event: 133.312 Executing VM operation: Cleanup done
Event: 145.343 Executing VM operation: Cleanup
Event: 145.343 Executing VM operation: Cleanup done
Event: 173.091 Executing VM operation: HandshakeAllThreads (Deoptimize)
Event: 173.091 Executing VM operation: HandshakeAllThreads (Deoptimize) done
Event: 173.091 Executing VM operation: Cleanup
Event: 173.091 Executing VM operation: Cleanup done
Event: 173.185 Executing VM operation: G1CollectForAllocation (G1 Evacuation Pause)
Event: 173.196 Executing VM operation: G1CollectForAllocation (G1 Evacuation Pause) done

Memory protections (20 events):
Event: 1.948 Protecting memory [0x0000000171804000,0x0000000171810000] with protection modes 3
Event: 1.948 Protecting memory [0x0000000171a10000,0x0000000171a1c000] with protection modes 0
Event: 1.962 Protecting memory [0x0000000171804000,0x0000000171810000] with protection modes 0
Event: 1.962 Protecting memory [0x0000000171c1c000,0x0000000171c28000] with protection modes 0
Event: 1.962 Protecting memory [0x0000000171e28000,0x0000000171e34000] with protection modes 0
Event: 1.962 Protecting memory [0x0000000172034000,0x0000000172040000] with protection modes 0
Event: 1.962 Protecting memory [0x0000000172240000,0x000000017224c000] with protection modes 0
Event: 1.962 Protecting memory [0x000000017244c000,0x0000000172458000] with protection modes 0
Event: 1.962 Protecting memory [0x0000000172658000,0x0000000172664000] with protection modes 0
Event: 1.962 Protecting memory [0x0000000172864000,0x0000000172870000] with protection modes 0
Event: 1.962 Protecting memory [0x0000000172a70000,0x0000000172a7c000] with protection modes 0
Event: 1.962 Protecting memory [0x0000000172c7c000,0x0000000172c88000] with protection modes 0
Event: 1.965 Protecting memory [0x0000000172e88000,0x0000000172e94000] with protection modes 0
Event: 1.966 Protecting memory [0x0000000173094000,0x00000001730a0000] with protection modes 0
Event: 1.977 Protecting memory [0x000000016fd68000,0x000000016fd74000] with protection modes 3
Event: 1.978 Protecting memory [0x000000016fb5c000,0x000000016fb68000] with protection modes 3
Event: 1.979 Protecting memory [0x000000016d56c000,0x000000016d578000] with protection modes 3
Event: 1.979 Protecting memory [0x000000016d56c000,0x000000016d578000] with protection modes 0
Event: 173.155 Protecting memory [0x000000016fb5c000,0x000000016fb68000] with protection modes 0
Event: 173.680 Protecting memory [0x000000016fd68000,0x000000016fd74000] with protection modes 0

Nmethod flushes (20 events):
Event: 1.869 Thread 0x0000000ba3159800 flushing  nmethod 0x0000000111b01790
Event: 1.869 Thread 0x0000000ba3159800 flushing  nmethod 0x0000000111b01f10
Event: 1.869 Thread 0x0000000ba3159800 flushing  nmethod 0x0000000111b02290
Event: 1.869 Thread 0x0000000ba3159800 flushing  nmethod 0x0000000111b28590
Event: 1.869 Thread 0x0000000ba3159800 flushing  nmethod 0x0000000111b2ac10
Event: 1.869 Thread 0x0000000ba3159800 flushing  nmethod 0x0000000111b2c410
Event: 1.869 Thread 0x0000000ba3159800 flushing  nmethod 0x0000000111b69710
Event: 1.869 Thread 0x0000000ba3159800 flushing  nmethod 0x0000000111b69d10
Event: 1.869 Thread 0x0000000ba3159800 flushing  nmethod 0x0000000111b6be10
Event: 1.869 Thread 0x0000000ba3159800 flushing  nmethod 0x0000000111b6cf90
Event: 1.869 Thread 0x0000000ba3159800 flushing  nmethod 0x0000000111b6d790
Event: 1.869 Thread 0x0000000ba3159800 flushing  nmethod 0x0000000111b70590
Event: 1.869 Thread 0x0000000ba3159800 flushing  nmethod 0x0000000111b71990
Event: 1.869 Thread 0x0000000ba3159800 flushing  nmethod 0x0000000111bacd10
Event: 1.869 Thread 0x0000000ba3159800 flushing  nmethod 0x0000000111bb8710
Event: 1.869 Thread 0x0000000ba3159800 flushing  nmethod 0x0000000111bb8c10
Event: 1.869 Thread 0x0000000ba3159800 flushing  nmethod 0x0000000111bb9810
Event: 1.869 Thread 0x0000000ba3159800 flushing  nmethod 0x0000000111c54e90
Event: 1.869 Thread 0x0000000ba3159800 flushing  nmethod 0x0000000111c55410
Event: 1.869 Thread 0x0000000ba3159800 flushing  nmethod 0x0000000111c5f890

Events (20 events):
Event: 1.948 Thread 0x0000000ba0067800 Thread exited: 0x0000000ba0067800
Event: 1.948 Thread 0x0000000ba0c64700 Thread added: 0x0000000ba0067800
Event: 1.962 Thread 0x0000000ba0c64700 Thread added: 0x0000000ba0c64e00
Event: 1.962 Thread 0x0000000ba0c64700 Thread added: 0x0000000ba0c66a00
Event: 1.962 Thread 0x0000000ba0c64700 Thread added: 0x0000000b9fe58000
Event: 1.962 Thread 0x0000000ba0c64700 Thread added: 0x0000000b9fe58700
Event: 1.962 Thread 0x0000000ba0c64700 Thread added: 0x0000000b9fe58e00
Event: 1.962 Thread 0x0000000ba0c64700 Thread added: 0x0000000b9fe59500
Event: 1.962 Thread 0x0000000ba0c64700 Thread added: 0x0000000b9fe59c00
Event: 1.962 Thread 0x0000000ba0c64700 Thread added: 0x0000000b9fe5a300
Event: 1.962 Thread 0x0000000ba0c64700 Thread added: 0x0000000b9fe5aa00
Event: 1.962 Thread 0x0000000ba0c64700 Thread added: 0x0000000b9fe5b100
Event: 1.965 Thread 0x0000000ba0c64700 Thread added: 0x0000000b9fe5b800
Event: 1.966 Thread 0x0000000ba0c64700 Thread added: 0x0000000b9fe5c000
Event: 1.977 Thread 0x0000000ba0c64700 Thread exited: 0x0000000ba0c64700
Event: 1.978 Thread 0x0000000ba0c64000 Thread exited: 0x0000000ba0c64000
Event: 1.979 Thread 0x0000000103227d40 Thread exited: 0x0000000103227d40
Event: 1.979 Thread 0x0000000b9fe5c700 Thread added: 0x0000000b9fe5c700
Event: 173.155 Thread 0x0000000b9fe59500 Thread added: 0x0000000b9fe5ce00
Event: 173.680 Thread 0x0000000b9fe59500 Thread added: 0x0000000b9fe5d500


Dynamic libraries:
0x000000019097a000 	/usr/lib/libz.1.dylib
0x0000000102958000 	/opt/homebrew/Cellar/openjdk@21/21.0.5/libexec/openjdk.jdk/Contents/Home/lib/libjli.dylib
0x000000019fcdb000 	/System/Library/Frameworks/Cocoa.framework/Versions/A/Cocoa
0x00000001849be000 	/System/Library/Frameworks/Security.framework/Versions/A/Security
0x000000019d166000 	/System/Library/Frameworks/ApplicationServices.framework/Versions/A/ApplicationServices
0x0000000190a31000 	/usr/lib/libSystem.B.dylib
0x0000000190a2b000 	/usr/lib/system/libcache.dylib
0x00000001909e6000 	/usr/lib/system/libcommonCrypto.dylib
0x0000000190a11000 	/usr/lib/system/libcompiler_rt.dylib
0x0000000190a06000 	/usr/lib/system/libcopyfile.dylib
0x0000000180e72000 	/usr/lib/system/libcorecrypto.dylib
0x0000000180f6b000 	/usr/lib/system/libdispatch.dylib
0x0000000180d30000 	/usr/lib/system/libdyld.dylib
0x0000000190a21000 	/usr/lib/system/libkeymgr.dylib
0x00000001909c9000 	/usr/lib/system/libmacho.dylib
0x000000018fccd000 	/usr/lib/system/libquarantine.dylib
0x0000000190a1e000 	/usr/lib/system/libremovefile.dylib
0x0000000187862000 	/usr/lib/system/libsystem_asl.dylib
0x0000000180e00000 	/usr/lib/system/libsystem_blocks.dylib
0x0000000180fb5000 	/usr/lib/system/libsystem_c.dylib
0x0000000190a15000 	/usr/lib/system/libsystem_collections.dylib
0x000000018e74a000 	/usr/lib/system/libsystem_configuration.dylib
0x000000018d318000 	/usr/lib/system/libsystem_containermanager.dylib
0x000000019044e000 	/usr/lib/system/libsystem_coreservices.dylib
0x00000001850b7000 	/usr/lib/system/libsystem_darwin.dylib
0x0000000279b11000 	/usr/lib/system/libsystem_darwindirectory.dylib
0x0000000190a22000 	/usr/lib/system/libsystem_dnssd.dylib
0x0000000279b15000 	/usr/lib/system/libsystem_eligibility.dylib
0x0000000180fb2000 	/usr/lib/system/libsystem_featureflags.dylib
0x0000000181138000 	/usr/lib/system/libsystem_info.dylib
0x000000019098a000 	/usr/lib/system/libsystem_m.dylib
0x0000000180f1f000 	/usr/lib/system/libsystem_malloc.dylib
0x00000001877c5000 	/usr/lib/system/libsystem_networkextension.dylib
0x0000000185527000 	/usr/lib/system/libsystem_notify.dylib
0x000000018e74f000 	/usr/lib/system/libsystem_sandbox.dylib
0x0000000279b1d000 	/usr/lib/system/libsystem_sanitizers.dylib
0x0000000190a1a000 	/usr/lib/system/libsystem_secinit.dylib
0x0000000181122000 	/usr/lib/system/libsystem_pthread.dylib
0x000000018940a000 	/usr/lib/system/libsystem_symptoms.dylib
0x0000000180e51000 	/usr/lib/system/libsystem_trace.dylib
0x0000000279b25000 	/usr/lib/system/libsystem_trial.dylib
0x00000001909f4000 	/usr/lib/system/libunwind.dylib
0x0000000180e04000 	/usr/lib/system/libxpc.dylib
0x000000018112f000 	/usr/lib/system/libsystem_platform.dylib
0x00000001810e5000 	/usr/lib/system/libsystem_kernel.dylib
0x0000000180cdc000 	/usr/lib/libobjc.A.dylib
0x0000000181168000 	/System/Library/Frameworks/CoreFoundation.framework/Versions/A/CoreFoundation
0x000000019424b000 	/usr/lib/swift/libswiftCore.dylib
0x00000001810ca000 	/usr/lib/libc++abi.dylib
0x0000000278493000 	/usr/lib/libRosetta.dylib
0x0000000181037000 	/usr/lib/libc++.1.dylib
0x00000001829ae000 	/System/Library/Frameworks/Foundation.framework/Versions/C/Foundation
0x000000019d7af000 	/usr/lib/swift/libswiftObjectiveC.dylib
0x00000002793c6000 	/usr/lib/libswiftPrespecialized.dylib
0x000000018260e000 	/System/Library/Frameworks/SystemConfiguration.framework/Versions/A/SystemConfiguration
0x000000018b56c000 	/System/Library/PrivateFrameworks/CoreAutoLayout.framework/Versions/A/CoreAutoLayout
0x0000000190a33000 	/usr/lib/libfakelink.dylib
0x0000000190c5c000 	/usr/lib/libcompression.dylib
0x000000018740b000 	/System/Library/Frameworks/CFNetwork.framework/Versions/A/CFNetwork
0x000000018a99b000 	/System/Library/Frameworks/DiskArbitration.framework/Versions/A/DiskArbitration
0x0000000190a87000 	/usr/lib/libarchive.2.dylib
0x000000018a8a7000 	/usr/lib/libDiagnosticMessagesClient.dylib
0x0000000184de5000 	/usr/lib/libicucore.A.dylib
0x000000018b5b6000 	/usr/lib/libxml2.2.dylib
0x0000000198d02000 	/System/Library/Frameworks/CoreServices.framework/Versions/A/CoreServices
0x000000018e75d000 	/usr/lib/liblangid.dylib
0x000000018543c000 	/System/Library/Frameworks/IOKit.framework/Versions/A/IOKit
0x0000000196a1b000 	/System/Library/Frameworks/Combine.framework/Versions/A/Combine
0x0000000235c1e000 	/System/Library/PrivateFrameworks/CollectionsInternal.framework/Versions/A/CollectionsInternal
0x000000025b94f000 	/System/Library/PrivateFrameworks/ReflectionInternal.framework/Versions/A/ReflectionInternal
0x000000025c79b000 	/System/Library/PrivateFrameworks/RuntimeInternal.framework/Versions/A/RuntimeInternal
0x0000000190a36000 	/System/Library/PrivateFrameworks/SoftLinking.framework/Versions/A/SoftLinking
0x00000001ad18f000 	/usr/lib/swift/libswiftCoreFoundation.dylib
0x00000001aa187000 	/usr/lib/swift/libswiftDarwin.dylib
0x000000019a9bb000 	/usr/lib/swift/libswiftDispatch.dylib
0x00000001ad1e9000 	/usr/lib/swift/libswiftIOKit.dylib
0x000000027978a000 	/usr/lib/swift/libswiftSystem.dylib
0x00000001ad1a1000 	/usr/lib/swift/libswiftXPC.dylib
0x00000002797bc000 	/usr/lib/swift/libswift_Builtin_float.dylib
0x00000002797bf000 	/usr/lib/swift/libswift_Concurrency.dylib
0x000000027984a000 	/usr/lib/swift/libswift_DarwinFoundation1.dylib
0x000000027992b000 	/usr/lib/swift/libswift_StringProcessing.dylib
0x000000019d7b3000 	/usr/lib/swift/libswiftos.dylib
0x00000001853bc000 	/System/Library/PrivateFrameworks/CoreServicesInternal.framework/Versions/A/CoreServicesInternal
0x00000001909fe000 	/usr/lib/liboah.dylib
0x000000019cc0c000 	/System/Library/PrivateFrameworks/DiskImages.framework/Versions/A/DiskImages
0x00000001a9c4f000 	/System/Library/Frameworks/NetFS.framework/Versions/A/NetFS
0x000000018b530000 	/System/Library/Frameworks/CoreServices.framework/Versions/A/Frameworks/FSEvents.framework/Versions/A/FSEvents
0x00000001850c2000 	/System/Library/Frameworks/CoreServices.framework/Versions/A/Frameworks/CarbonCore.framework/Versions/A/CarbonCore
0x000000018a90f000 	/System/Library/Frameworks/CoreServices.framework/Versions/A/Frameworks/Metadata.framework/Versions/A/Metadata
0x0000000190456000 	/System/Library/Frameworks/CoreServices.framework/Versions/A/Frameworks/OSServices.framework/Versions/A/OSServices
0x0000000190b7f000 	/System/Library/Frameworks/CoreServices.framework/Versions/A/Frameworks/SearchKit.framework/Versions/A/SearchKit
0x0000000189384000 	/System/Library/Frameworks/CoreServices.framework/Versions/A/Frameworks/AE.framework/Versions/A/AE
0x00000001816b5000 	/System/Library/Frameworks/CoreServices.framework/Versions/A/Frameworks/LaunchServices.framework/Versions/A/LaunchServices
0x0000000191f9c000 	/System/Library/Frameworks/CoreServices.framework/Versions/A/Frameworks/DictionaryServices.framework/Versions/A/DictionaryServices
0x000000018b53e000 	/System/Library/Frameworks/CoreServices.framework/Versions/A/Frameworks/SharedFileList.framework/Versions/A/SharedFileList
0x0000000190c14000 	/usr/lib/libapple_nghttp2.dylib
0x0000000188f9e000 	/usr/lib/libsqlite3.dylib
0x0000000189186000 	/System/Library/Frameworks/Accounts.framework/Versions/A/Accounts
0x000000019ce53000 	/System/Library/PrivateFrameworks/AppSupport.framework/Versions/A/AppSupport
0x000000018a877000 	/System/Library/PrivateFrameworks/CoreAnalytics.framework/Versions/A/CoreAnalytics
0x0000000187e2b000 	/System/Library/Frameworks/CoreGraphics.framework/Versions/A/CoreGraphics
0x0000000194f72000 	/System/Library/Frameworks/GSS.framework/Versions/A/GSS
0x0000000193366000 	/System/Library/PrivateFrameworks/InternationalSupport.framework/Versions/A/InternationalSupport
0x0000000189318000 	/System/Library/PrivateFrameworks/RunningBoardServices.framework/Versions/A/RunningBoardServices
0x000000019d73d000 	/System/Library/PrivateFrameworks/StreamingZip.framework/Versions/A/StreamingZip
0x00000001877e0000 	/usr/lib/libenergytrace.dylib
0x0000000189413000 	/System/Library/Frameworks/Network.framework/Versions/A/Network
0x000000018fcf5000 	/usr/lib/libbsm.0.dylib
0x00000001909cd000 	/usr/lib/system/libkxld.dylib
0x0000000231644000 	/System/Library/PrivateFrameworks/AppleKeyStore.framework/Versions/A/AppleKeyStore
0x0000000278197000 	/usr/lib/libCoreEntitlements.dylib
0x0000000251ca9000 	/System/Library/PrivateFrameworks/MessageSecurity.framework/Versions/A/MessageSecurity
0x0000000188f82000 	/System/Library/PrivateFrameworks/ProtocolBuffer.framework/Versions/A/ProtocolBuffer
0x00000001a5483000 	/System/Library/PrivateFrameworks/CloudServices.framework/Versions/A/CloudServices
0x0000000199df7000 	/System/Library/PrivateFrameworks/SymptomDiagnosticReporter.framework/Versions/A/SymptomDiagnosticReporter
0x00000001921e0000 	/System/Library/PrivateFrameworks/CrashReporterSupport.framework/Versions/A/CrashReporterSupport
0x00000001877e2000 	/usr/lib/libMobileGestalt.dylib
0x0000000190435000 	/System/Library/PrivateFrameworks/AppleFSCompression.framework/Versions/A/AppleFSCompression
0x000000018fcdd000 	/usr/lib/libcoretls.dylib
0x0000000192013000 	/usr/lib/libcoretls_cfhelpers.dylib
0x0000000190c55000 	/usr/lib/libpam.2.dylib
0x0000000192085000 	/usr/lib/libxar.1.dylib
0x0000000192015000 	/System/Library/PrivateFrameworks/APFS.framework/Versions/A/APFS
0x0000000266d16000 	/System/Library/PrivateFrameworks/SwiftASN1Internal.framework/Versions/A/SwiftASN1Internal
0x0000000192094000 	/usr/lib/libutil.dylib
0x000000018e758000 	/System/Library/PrivateFrameworks/AppleSystemInfo.framework/Versions/A/AppleSystemInfo
0x000000018f9c1000 	/System/Library/PrivateFrameworks/IOMobileFramebuffer.framework/Versions/A/IOMobileFramebuffer
0x000000018d34f000 	/System/Library/Frameworks/IOSurface.framework/Versions/A/IOSurface
0x00000001ad056000 	/System/Library/PrivateFrameworks/LoggingSupport.framework/Versions/A/LoggingSupport
0x0000000194fd5000 	/System/Library/PrivateFrameworks/MobileAsset.framework/Versions/A/MobileAsset
0x0000000199e07000 	/System/Library/PrivateFrameworks/PowerLog.framework/Versions/A/PowerLog
0x000000022adfd000 	/System/Library/Frameworks/SwiftData.framework/Versions/A/SwiftData
0x0000000186e4b000 	/System/Library/Frameworks/UniformTypeIdentifiers.framework/Versions/A/UniformTypeIdentifiers
0x000000018b760000 	/System/Library/PrivateFrameworks/UserManagement.framework/Versions/A/UserManagement
0x0000000187338000 	/usr/lib/libboringssl.dylib
0x00000001893f8000 	/usr/lib/libdns_services.dylib
0x00000001ac094000 	/usr/lib/libquic.dylib
0x00000001941dc000 	/usr/lib/libusrtcp.dylib
0x0000000232393000 	/System/Library/PrivateFrameworks/AtomicsInternal.framework/Versions/A/AtomicsInternal
0x00000001d1f51000 	/System/Library/PrivateFrameworks/InternalSwiftProtobuf.framework/Versions/A/InternalSwiftProtobuf
0x000000027961b000 	/usr/lib/swift/libswiftDistributed.dylib
0x0000000279644000 	/usr/lib/swift/libswiftObservation.dylib
0x0000000279782000 	/usr/lib/swift/libswiftSynchronization.dylib
0x000000018e756000 	/System/Library/PrivateFrameworks/AggregateDictionary.framework/Versions/A/AggregateDictionary
0x0000000232b0b000 	/System/Library/PrivateFrameworks/BiomeLibrary.framework/Versions/A/BiomeLibrary
0x00000001bba75000 	/System/Library/PrivateFrameworks/BiomeStreams.framework/Versions/A/BiomeStreams
0x00000001b7e10000 	/System/Library/PrivateFrameworks/BiomeFoundation.framework/Versions/A/BiomeFoundation
0x00000001c1a3d000 	/System/Library/PrivateFrameworks/BiomePubSub.framework/Versions/A/BiomePubSub
0x0000000188b9b000 	/System/Library/Frameworks/CoreData.framework/Versions/A/CoreData
0x000000019e75a000 	/System/Library/PrivateFrameworks/ProactiveSupport.framework/Versions/A/ProactiveSupport
0x00000001029a8000 	/opt/homebrew/Cellar/xz/5.8.1/lib/liblzma.5.dylib
0x0000000198f77000 	/System/Library/Frameworks/Accelerate.framework/Versions/A/Accelerate
0x000000018fbd1000 	/System/Library/PrivateFrameworks/MobileKeyBag.framework/Versions/A/MobileKeyBag
0x000000019d167000 	/System/Library/PrivateFrameworks/InternationalTextSearch.framework/Versions/A/InternationalTextSearch
0x00000001b4355000 	/System/Library/PrivateFrameworks/SoftwareUpdateCoreSupport.framework/Versions/A/SoftwareUpdateCoreSupport
0x00000001bc4b9000 	/System/Library/PrivateFrameworks/SoftwareUpdateCoreConnect.framework/Versions/A/SoftwareUpdateCoreConnect
0x000000019cd0a000 	/System/Library/PrivateFrameworks/RemoteServiceDiscovery.framework/Versions/A/RemoteServiceDiscovery
0x00000001b3f53000 	/System/Library/PrivateFrameworks/MSUDataAccessor.framework/Versions/A/MSUDataAccessor
0x00000001af189000 	/usr/lib/libbootpolicy.dylib
0x000000019cd20000 	/System/Library/PrivateFrameworks/RemoteXPC.framework/Versions/A/RemoteXPC
0x00000001bb942000 	/usr/lib/libFDR.dylib
0x00000001c166d000 	/usr/lib/libamsupport.dylib
0x000000027848b000 	/usr/lib/libReverseProxyDevice.dylib
0x0000000230fdb000 	/System/Library/PrivateFrameworks/AppleDeviceQuerySupport.framework/Versions/A/AppleDeviceQuerySupport
0x00000001c46a6000 	/usr/lib/libpartition2_dynamic.dylib
0x0000000190bf0000 	/System/Library/PrivateFrameworks/AppleSauce.framework/Versions/A/AppleSauce
0x000000027803a000 	/usr/lib/libAppleArchive.dylib
0x0000000190441000 	/usr/lib/libbz2.1.0.dylib
0x000000018a9a5000 	/System/Library/Frameworks/Accelerate.framework/Versions/A/Frameworks/vImage.framework/Versions/A/vImage
0x0000000198cdc000 	/System/Library/Frameworks/Accelerate.framework/Versions/A/Frameworks/vecLib.framework/Versions/A/vecLib
0x00000001920cb000 	/System/Library/Frameworks/Accelerate.framework/Versions/A/Frameworks/vecLib.framework/Versions/A/libvMisc.dylib
0x0000000181ba7000 	/System/Library/Frameworks/Accelerate.framework/Versions/A/Frameworks/vecLib.framework/Versions/A/libBLAS.dylib
0x000000018b69d000 	/System/Library/Frameworks/CoreVideo.framework/Versions/A/CoreVideo
0x0000000188582000 	/System/Library/Frameworks/ColorSync.framework/Versions/A/ColorSync
0x0000000183fe5000 	/System/Library/Frameworks/CoreText.framework/Versions/A/CoreText
0x000000018de5e000 	/System/Library/Frameworks/ImageIO.framework/Versions/A/ImageIO
0x0000000194b7d000 	/System/Library/Frameworks/ApplicationServices.framework/Versions/A/Frameworks/ATS.framework/Versions/A/ATS
0x000000018873d000 	/System/Library/Frameworks/ApplicationServices.framework/Versions/A/Frameworks/HIServices.framework/Versions/A/HIServices
0x000000019324f000 	/System/Library/Frameworks/ApplicationServices.framework/Versions/A/Frameworks/PrintCore.framework/Versions/A/PrintCore
0x0000000194f3b000 	/System/Library/Frameworks/ApplicationServices.framework/Versions/A/Frameworks/QD.framework/Versions/A/QD
0x0000000194f36000 	/System/Library/Frameworks/ApplicationServices.framework/Versions/A/Frameworks/ColorSyncLegacy.framework/Versions/A/ColorSyncLegacy
0x0000000194b4f000 	/System/Library/Frameworks/ApplicationServices.framework/Versions/A/Frameworks/SpeechSynthesis.framework/Versions/A/SpeechSynthesis
0x000000018789e000 	/System/Library/PrivateFrameworks/SkyLight.framework/Versions/A/SkyLight
0x000000018d83d000 	/System/Library/PrivateFrameworks/FontServices.framework/libFontParser.dylib
0x0000000189227000 	/System/Library/PrivateFrameworks/BaseBoard.framework/Versions/A/BaseBoard
0x000000019ad1d000 	/System/Library/PrivateFrameworks/BoardServices.framework/Versions/A/BoardServices
0x000000019ca30000 	/System/Library/PrivateFrameworks/BackBoardServices.framework/Versions/A/BackBoardServices
0x0000000232a2a000 	/System/Library/PrivateFrameworks/BackBoardHIDEventFoundation.framework/Versions/A/BackBoardHIDEventFoundation
0x0000000183af8000 	/System/Library/Frameworks/CoreDisplay.framework/Versions/A/CoreDisplay
0x0000000192bb3000 	/System/Library/Frameworks/VideoToolbox.framework/Versions/A/VideoToolbox
0x0000000190c53000 	/System/Library/Frameworks/MetalPerformanceShaders.framework/Versions/A/MetalPerformanceShaders
0x000000025abda000 	/System/Library/PrivateFrameworks/ProDisplayLibrary.framework/Versions/A/ProDisplayLibrary
0x00000001a071b000 	/System/Library/PrivateFrameworks/IOSurfaceAccelerator.framework/Versions/A/IOSurfaceAccelerator
0x000000018d376000 	/System/Library/Frameworks/Metal.framework/Versions/A/Metal
0x000000018d36c000 	/System/Library/PrivateFrameworks/IOAccelerator.framework/Versions/A/IOAccelerator
0x000000018d683000 	/System/Library/Frameworks/CoreMedia.framework/Versions/A/CoreMedia
0x000000018787a000 	/System/Library/PrivateFrameworks/TCC.framework/Versions/A/TCC
0x0000000192b6b000 	/System/Library/PrivateFrameworks/WatchdogClient.framework/Versions/A/WatchdogClient
0x000000018addc000 	/System/Library/Frameworks/QuartzCore.framework/Versions/A/QuartzCore
0x0000000192b6d000 	/System/Library/PrivateFrameworks/MultitouchSupport.framework/Versions/A/MultitouchSupport
0x00000001c9b2c000 	/usr/lib/swift/libswiftOSLog.dylib
0x00000001b0bcc000 	/usr/lib/swift/libswiftsimd.dylib
0x00000001c1a9b000 	/System/Library/PrivateFrameworks/BiomeStorage.framework/Versions/A/BiomeStorage
0x000000024ca05000 	/System/Library/PrivateFrameworks/IntelligencePlatformLibrary.framework/Versions/A/IntelligencePlatformLibrary
0x0000000259f50000 	/System/Library/PrivateFrameworks/PoirotSchematizer.framework/Versions/A/PoirotSchematizer
0x0000000233336000 	/System/Library/PrivateFrameworks/BiomeSync.framework/Versions/A/BiomeSync
0x0000000232af1000 	/System/Library/PrivateFrameworks/BiomeDSL.framework/Versions/A/BiomeDSL
0x00000001d9b18000 	/System/Library/PrivateFrameworks/FeatureFlags.framework/Versions/A/FeatureFlags
0x0000000259fba000 	/System/Library/PrivateFrameworks/PoirotUDFs.framework/Versions/A/PoirotUDFs
0x0000000259f1f000 	/System/Library/PrivateFrameworks/PoirotSQLite.framework/Versions/A/PoirotSQLite
0x000000019b23a000 	/System/Library/PrivateFrameworks/CoreTime.framework/Versions/A/CoreTime
0x0000000190a6c000 	/usr/lib/libiconv.2.dylib
0x00000001909c8000 	/usr/lib/libcharset.1.dylib
0x000000027988b000 	/usr/lib/swift/libswift_RegexParser.dylib
0x000000023490d000 	/System/Library/PrivateFrameworks/CascadeSets.framework/Versions/A/CascadeSets
0x000000019513a000 	/System/Library/PrivateFrameworks/CorePhoneNumbers.framework/Versions/A/CorePhoneNumbers
0x0000000192a35000 	/System/Library/PrivateFrameworks/AppleJPEG.framework/Versions/A/AppleJPEG
0x0000000192438000 	/usr/lib/libexpat.1.dylib
0x0000000102a0c000 	/opt/homebrew/Cellar/libpng/1.6.50/lib/libpng16.16.dylib
0x0000000102ac4000 	/opt/homebrew/Cellar/libtiff/4.7.1/lib/libtiff.6.dylib
0x000000010298c000 	/opt/homebrew/Cellar/giflib/5.2.2/lib/libgif.7.2.0.dylib
0x0000000192a7a000 	/System/Library/Frameworks/ImageIO.framework/Versions/A/Resources/libJP2.dylib
0x0000000192146000 	/usr/lib/libate.dylib
0x0000000102bec000 	/opt/homebrew/Cellar/jpeg-turbo/3.1.2/lib/libjpeg.8.3.2.dylib
0x00000001931d5000 	/System/Library/Frameworks/ImageIO.framework/Versions/A/Resources/libRadiance.dylib
0x0000000102d08000 	/opt/homebrew/Cellar/zstd/1.5.7/lib/libzstd.1.5.7.dylib
0x00000002437cb000 	/System/Library/PrivateFrameworks/GPUCompiler.framework/Versions/32023/Libraries/libllvm-flatbuffers.dylib
0x000000023e0c6000 	/System/Library/PrivateFrameworks/FramePacing.framework/Versions/A/FramePacing
0x00000001e5e27000 	/System/Library/Frameworks/OpenGL.framework/Versions/A/Libraries/libCoreFSCache.dylib
0x000000023f1ff000 	/System/Library/PrivateFrameworks/GPUCompiler.framework/Versions/32023/Libraries/libGPUCompilerUtils.dylib
0x000000019adea000 	/System/Library/PrivateFrameworks/GraphicsServices.framework/Versions/A/GraphicsServices
0x00000001bab28000 	/usr/lib/swift/libswiftMetal.dylib
0x00000001bfcb5000 	/usr/lib/swift/libswiftQuartzCore.dylib
0x00000001c4496000 	/usr/lib/swift/libswiftUniformTypeIdentifiers.dylib
0x000000018e19f000 	/System/Library/Frameworks/CoreImage.framework/Versions/A/CoreImage
0x000000019e8e0000 	/System/Library/PrivateFrameworks/ASEProcessing.framework/Versions/A/ASEProcessing
0x00000001cd8e4000 	/System/Library/PrivateFrameworks/Symbolication.framework/Versions/A/Symbolication
0x0000000259b49000 	/System/Library/PrivateFrameworks/PhotosensitivityProcessing.framework/Versions/A/PhotosensitivityProcessing
0x00000001e5e35000 	/System/Library/Frameworks/OpenGL.framework/Versions/A/OpenGL
0x0000000192659000 	/System/Library/PrivateFrameworks/GraphVisualizer.framework/Versions/A/GraphVisualizer
0x00000001e5e86000 	/System/Library/Frameworks/OpenGL.framework/Versions/A/Libraries/libGLU.dylib
0x00000001e5e49000 	/System/Library/Frameworks/OpenGL.framework/Versions/A/Libraries/libGFXShared.dylib
0x00000001e6015000 	/System/Library/Frameworks/OpenGL.framework/Versions/A/Libraries/libGL.dylib
0x00000001e5e52000 	/System/Library/Frameworks/OpenGL.framework/Versions/A/Libraries/libGLImage.dylib
0x00000001e5e46000 	/System/Library/Frameworks/OpenGL.framework/Versions/A/Libraries/libCVMSPluginSupport.dylib
0x00000001e5e2f000 	/System/Library/Frameworks/OpenGL.framework/Versions/A/Libraries/libCoreVMClient.dylib
0x000000023dfd4000 	/System/Library/PrivateFrameworks/FontServices.framework/Versions/A/FontServices
0x0000000192669000 	/System/Library/PrivateFrameworks/OTSVG.framework/Versions/A/OTSVG
0x000000018b1e5000 	/System/Library/Frameworks/ApplicationServices.framework/Versions/A/Frameworks/ATS.framework/Versions/A/Resources/libFontRegistry.dylib
0x0000000278983000 	/usr/lib/libhvf.dylib
0x0000000256ad4000 	/System/Library/PrivateFrameworks/ParsingInternal.framework/Versions/A/ParsingInternal
0x0000000279664000 	/usr/lib/swift/libswiftRegexBuilder.dylib
0x000000023dfd5000 	/System/Library/PrivateFrameworks/FontServices.framework/libXTFontStaticRegistryData.dylib
0x000000018e697000 	/System/Library/Frameworks/MetalPerformanceShaders.framework/Versions/A/Frameworks/MPSCore.framework/Versions/A/MPSCore
0x00000001903a0000 	/System/Library/Frameworks/MetalPerformanceShaders.framework/Versions/A/Frameworks/MPSImage.framework/Versions/A/MPSImage
0x000000018fd80000 	/System/Library/Frameworks/MetalPerformanceShaders.framework/Versions/A/Frameworks/MPSNeuralNetwork.framework/Versions/A/MPSNeuralNetwork
0x00000001901b8000 	/System/Library/Frameworks/MetalPerformanceShaders.framework/Versions/A/Frameworks/MPSMatrix.framework/Versions/A/MPSMatrix
0x000000018ffcd000 	/System/Library/Frameworks/MetalPerformanceShaders.framework/Versions/A/Frameworks/MPSRayIntersector.framework/Versions/A/MPSRayIntersector
0x00000001901ea000 	/System/Library/Frameworks/MetalPerformanceShaders.framework/Versions/A/Frameworks/MPSNDArray.framework/Versions/A/MPSNDArray
0x0000000227ec1000 	/System/Library/Frameworks/MetalPerformanceShaders.framework/Versions/A/Frameworks/MPSFunctions.framework/Versions/A/MPSFunctions
0x0000000227ea2000 	/System/Library/Frameworks/MetalPerformanceShaders.framework/Versions/A/Frameworks/MPSBenchmarkLoop.framework/Versions/A/MPSBenchmarkLoop
0x00000001819c3000 	/System/Library/PrivateFrameworks/MetalTools.framework/Versions/A/MetalTools
0x00000001b223a000 	/System/Library/PrivateFrameworks/IOAccelMemoryInfo.framework/Versions/A/IOAccelMemoryInfo
0x00000001c00a9000 	/System/Library/PrivateFrameworks/kperf.framework/Versions/A/kperf
0x00000001ad16b000 	/System/Library/PrivateFrameworks/GPURawCounter.framework/Versions/A/GPURawCounter
0x000000019b123000 	/System/Library/PrivateFrameworks/CoreSymbolication.framework/Versions/A/CoreSymbolication
0x00000001ad0e2000 	/System/Library/PrivateFrameworks/MallocStackLogging.framework/Versions/A/MallocStackLogging
0x000000019b100000 	/System/Library/PrivateFrameworks/DebugSymbols.framework/Versions/A/DebugSymbols
0x00000001be93b000 	/System/Library/PrivateFrameworks/OSAnalytics.framework/Versions/A/OSAnalytics
0x000000023bfe6000 	/System/Library/PrivateFrameworks/DeviceRecovery.framework/Versions/A/DeviceRecovery
0x0000000225d14000 	/System/Library/Frameworks/ExtensionFoundation.framework/Versions/A/ExtensionFoundation
0x00000001926aa000 	/System/Library/PrivateFrameworks/AppServerSupport.framework/Versions/A/AppServerSupport
0x00000001924bd000 	/System/Library/PrivateFrameworks/IconServices.framework/Versions/A/IconServices
0x0000000192337000 	/System/Library/PrivateFrameworks/PlugInKit.framework/Versions/A/PlugInKit
0x000000018fbef000 	/System/Library/PrivateFrameworks/AssertionServices.framework/Versions/A/AssertionServices
0x00000001c44a5000 	/usr/lib/swift/libswiftAccelerate.dylib
0x00000001ad1e8000 	/usr/lib/swift/libswiftCoreImage.dylib
0x000000019245d000 	/System/Library/PrivateFrameworks/IconFoundation.framework/Versions/A/IconFoundation
0x0000000249a7f000 	/System/Library/PrivateFrameworks/IconRendering.framework/Versions/A/IconRendering
0x000000018b238000 	/System/Library/PrivateFrameworks/CoreUI.framework/Versions/A/CoreUI
0x000000025c946000 	/System/Library/PrivateFrameworks/SFSymbols.framework/Versions/A/SFSymbols
0x0000000225bd7000 	/System/Library/Frameworks/DeveloperToolsSupport.framework/Versions/A/DeveloperToolsSupport
0x00000001a47aa000 	/System/Library/PrivateFrameworks/RenderBox.framework/Versions/A/RenderBox
0x000000018de20000 	/System/Library/PrivateFrameworks/CoreSVG.framework/Versions/A/CoreSVG
0x00000001932c6000 	/System/Library/PrivateFrameworks/TextureIO.framework/Versions/A/TextureIO
0x000000019320a000 	/System/Library/Frameworks/ApplicationServices.framework/Versions/A/Frameworks/ATSUI.framework/Versions/A/ATSUI
0x00000001948e0000 	/System/Library/Frameworks/AudioToolbox.framework/Versions/A/AudioToolbox
0x0000000183c1c000 	/System/Library/PrivateFrameworks/AudioToolboxCore.framework/Versions/A/AudioToolboxCore
0x0000000194ab8000 	/System/Library/PrivateFrameworks/AudioSession.framework/Versions/A/AudioSession
0x000000019faee000 	/System/Library/Frameworks/CoreMIDI.framework/Versions/A/CoreMIDI
0x0000000194b36000 	/usr/lib/libAudioStatistics.dylib
0x000000018d65a000 	/System/Library/PrivateFrameworks/caulk.framework/Versions/A/caulk
0x0000000184211000 	/System/Library/Frameworks/CoreAudio.framework/Versions/A/CoreAudio
0x00000001930fc000 	/usr/lib/libAudioToolboxUtility.dylib
0x00000001ad16f000 	/usr/lib/swift/libswiftCoreAudio.dylib
0x00000001b37c4000 	/usr/lib/swift/libswiftCoreMIDI.dylib
0x0000000194f44000 	/System/Library/PrivateFrameworks/perfdata.framework/Versions/A/perfdata
0x00000001ac18e000 	/System/Library/PrivateFrameworks/SystemPolicy.framework/Versions/A/SystemPolicy
0x0000000194de9000 	/usr/lib/libSMC.dylib
0x0000000194f52000 	/usr/lib/libperfcheck.dylib
0x0000000232452000 	/System/Library/PrivateFrameworks/AudioAnalytics.framework/Versions/A/AudioAnalytics
0x000000027984e000 	/usr/lib/swift/libswift_DarwinFoundation2.dylib
0x000000027984f000 	/usr/lib/swift/libswift_DarwinFoundation3.dylib
0x00000001d1c76000 	/System/Library/Frameworks/OSLog.framework/Versions/A/OSLog
0x00000001ad114000 	/usr/lib/libmis.dylib
0x0000000192577000 	/System/Library/PrivateFrameworks/MediaExperience.framework/Versions/A/MediaExperience
0x0000000194889000 	/System/Library/PrivateFrameworks/AudioSession.framework/libSessionUtility.dylib
0x000000019323e000 	/System/Library/PrivateFrameworks/CMCaptureCore.framework/Versions/A/CMCaptureCore
0x00000001926b7000 	/usr/lib/libspindump.dylib
0x0000000199ce6000 	/System/Library/Frameworks/CoreBluetooth.framework/Versions/A/CoreBluetooth
0x000000018fa56000 	/System/Library/PrivateFrameworks/CoreUtils.framework/Versions/A/CoreUtils
0x00000001a54c1000 	/System/Library/PrivateFrameworks/HID.framework/Versions/A/HID
0x000000023b464000 	/System/Library/PrivateFrameworks/CoreUtilsExtras.framework/Versions/A/CoreUtilsExtras
0x00000002499e1000 	/System/Library/PrivateFrameworks/IO80211.framework/Versions/A/IO80211
0x0000000190489000 	/System/Library/PrivateFrameworks/AuthKit.framework/Versions/A/AuthKit
0x000000019676f000 	/System/Library/Frameworks/IOBluetooth.framework/Versions/A/IOBluetooth
0x00000001921d7000 	/usr/lib/libIOReport.dylib
0x000000018fbfe000 	/System/Library/Frameworks/SecurityFoundation.framework/Versions/A/SecurityFoundation
0x0000000182389000 	/System/Library/PrivateFrameworks/Lexicon.framework/Versions/A/Lexicon
0x000000019ac3e000 	/System/Library/PrivateFrameworks/FrontBoardServices.framework/Versions/A/FrontBoardServices
0x000000018fd68000 	/usr/lib/libgermantok.dylib
0x000000018e881000 	/System/Library/PrivateFrameworks/LinguisticData.framework/Versions/A/LinguisticData
0x0000000194bf5000 	/System/Library/PrivateFrameworks/MultiverseSupport.framework/Versions/A/MultiverseSupport
0x0000000199f2b000 	/System/Library/PrivateFrameworks/DiskManagement.framework/Versions/A/DiskManagement
0x0000000199e37000 	/System/Library/PrivateFrameworks/AppleIDAuthSupport.framework/Versions/A/AppleIDAuthSupport
0x000000022d642000 	/System/Library/PrivateFrameworks/AAAFoundation.framework/Versions/A/AAAFoundation
0x00000001950f8000 	/System/Library/PrivateFrameworks/KeychainCircle.framework/Versions/A/KeychainCircle
0x00000001a6358000 	/System/Library/PrivateFrameworks/URLFormatting.framework/Versions/A/URLFormatting
0x000000019cdbf000 	/usr/lib/libcsfde.dylib
0x0000000192381000 	/usr/lib/libCoreStorage.dylib
0x0000000199ef9000 	/System/Library/PrivateFrameworks/MediaKit.framework/Versions/A/MediaKit
0x0000000199e44000 	/System/Library/Frameworks/DiscRecording.framework/Versions/A/DiscRecording
0x0000000196846000 	/System/Library/PrivateFrameworks/ProtectedCloudStorage.framework/Versions/A/ProtectedCloudStorage
0x000000019cdba000 	/System/Library/PrivateFrameworks/EFILogin.framework/Versions/A/EFILogin
0x0000000192453000 	/usr/lib/libheimdal-asn1.dylib
0x000000019a24e000 	/System/Library/PrivateFrameworks/OctagonTrust.framework/Versions/A/OctagonTrust
0x000000019d713000 	/System/Library/Frameworks/AudioUnit.framework/Versions/A/AudioUnit
0x000000018b503000 	/System/Library/Frameworks/OpenDirectory.framework/Versions/A/OpenDirectory
0x000000018b511000 	/System/Library/Frameworks/OpenDirectory.framework/Versions/A/Frameworks/CFOpenDirectory.framework/Versions/A/CFOpenDirectory
0x00000001e6396000 	/System/Library/Frameworks/AVFAudio.framework/Versions/A/AVFAudio
0x00000001a6460000 	/usr/lib/libAccessibility.dylib
0x000000024d547000 	/System/Library/PrivateFrameworks/IsolatedCoreAudioClient.framework/Versions/A/IsolatedCoreAudioClient
0x00000001c8363000 	/usr/lib/swift/libswiftCoreMedia.dylib
0x000000026a2cf000 	/System/Library/PrivateFrameworks/Tightbeam.framework/Versions/A/Tightbeam
0x0000000237399000 	/System/Library/PrivateFrameworks/CoreAudioOrchestration.framework/Versions/A/CoreAudioOrchestration
0x00000001c4beb000 	/System/Library/PrivateFrameworks/AFKUser.framework/Versions/A/AFKUser
0x0000000198fc7000 	/System/Library/Frameworks/MediaAccessibility.framework/Versions/A/MediaAccessibility
0x000000026e26e000 	/System/Library/PrivateFrameworks/VideoToolboxParavirtualizationSupport.framework/Versions/A/VideoToolboxParavirtualizationSupport
0x00000001923ef000 	/System/Library/PrivateFrameworks/AppleVA.framework/Versions/A/AppleVA
0x00000001931d0000 	/System/Library/PrivateFrameworks/GPUWrangler.framework/Versions/A/GPUWrangler
0x00000001931b0000 	/System/Library/PrivateFrameworks/IOPresentment.framework/Versions/A/IOPresentment
0x00000001931d8000 	/System/Library/PrivateFrameworks/DSExternalDisplay.framework/Versions/A/DSExternalDisplay
0x00000002320a2000 	/System/Library/PrivateFrameworks/ArgumentParserInternal.framework/Versions/A/ArgumentParserInternal
0x0000000231efa000 	/System/Library/PrivateFrameworks/AppleMobileFileIntegrity.framework/Versions/A/AppleMobileFileIntegrity
0x0000000278501000 	/usr/lib/libTLE.dylib
0x00000001e2bcf000 	/System/Library/PrivateFrameworks/ConfigProfileHelper.framework/Versions/A/ConfigProfileHelper
0x00000001d7ac8000 	/usr/lib/libedit.3.dylib
0x000000024e989000 	/System/Library/PrivateFrameworks/MIL.framework/Versions/A/MIL
0x00000001b21fd000 	/usr/lib/libncurses.5.4.dylib
0x000000018f98b000 	/System/Library/PrivateFrameworks/CoreEmoji.framework/Versions/A/CoreEmoji
0x00000001826a2000 	/usr/lib/libCRFSuite.dylib
0x000000018e75f000 	/System/Library/PrivateFrameworks/CoreNLP.framework/Versions/A/CoreNLP
0x000000018fd07000 	/usr/lib/libmecab.dylib
0x0000000190be7000 	/usr/lib/libThaiTokenizer.dylib
0x000000019366e000 	/System/Library/PrivateFrameworks/DataDetectorsCore.framework/Versions/A/DataDetectorsCore
0x0000000225bc3000 	/System/Library/Frameworks/DataDetection.framework/Versions/A/DataDetection
0x00000001b0e31000 	/System/Library/PrivateFrameworks/TextInput.framework/Versions/A/TextInput
0x00000001d2110000 	/System/Library/PrivateFrameworks/HIDDisplay.framework/Versions/A/HIDDisplay
0x0000000194eca000 	/usr/lib/libcups.2.dylib
0x0000000194f60000 	/System/Library/Frameworks/Kerberos.framework/Versions/A/Kerberos
0x0000000194bc5000 	/usr/lib/libresolv.9.dylib
0x00000001926be000 	/System/Library/PrivateFrameworks/Heimdal.framework/Versions/A/Heimdal
0x000000019d712000 	/System/Library/Frameworks/Kerberos.framework/Versions/A/Libraries/libHeimdalProxy.dylib
0x0000000194fc4000 	/System/Library/PrivateFrameworks/CommonAuth.framework/Versions/A/CommonAuth
0x00000001a6362000 	/System/Library/PrivateFrameworks/AXCoreUtilities.framework/Versions/A/AXCoreUtilities
0x00000001b5f50000 	/System/Library/PrivateFrameworks/AttributeGraph.framework/Versions/A/AttributeGraph
0x0000000277f54000 	/usr/lib/libAXSafeCategoryBundle.dylib
0x000000018f870000 	/System/Library/Frameworks/Accelerate.framework/Versions/A/Frameworks/vecLib.framework/Versions/A/libvDSP.dylib
0x0000000190d33000 	/System/Library/Frameworks/Accelerate.framework/Versions/A/Frameworks/vecLib.framework/Versions/A/libLAPACK.dylib
0x000000018fd6b000 	/System/Library/Frameworks/Accelerate.framework/Versions/A/Frameworks/vecLib.framework/Versions/A/libLinearAlgebra.dylib
0x0000000190c2c000 	/System/Library/Frameworks/Accelerate.framework/Versions/A/Frameworks/vecLib.framework/Versions/A/libSparseBLAS.dylib
0x0000000190d2e000 	/System/Library/Frameworks/Accelerate.framework/Versions/A/Frameworks/vecLib.framework/Versions/A/libQuadrature.dylib
0x000000018e888000 	/System/Library/Frameworks/Accelerate.framework/Versions/A/Frameworks/vecLib.framework/Versions/A/libBNNS.dylib
0x000000018249b000 	/System/Library/Frameworks/Accelerate.framework/Versions/A/Frameworks/vecLib.framework/Versions/A/libSparse.dylib
0x0000000225694000 	/System/Library/Frameworks/CoreTransferable.framework/Versions/A/CoreTransferable
0x0000000194f29000 	/System/Library/PrivateFrameworks/NetAuth.framework/Versions/A/NetAuth
0x000000018b721000 	/System/Library/PrivateFrameworks/login.framework/Versions/A/Frameworks/loginsupport.framework/Versions/A/loginsupport
0x0000000186c91000 	/System/Library/PrivateFrameworks/UIFoundation.framework/Versions/A/UIFoundation
0x000000018fcd1000 	/usr/lib/libCheckFix.dylib
0x000000018a8a9000 	/System/Library/PrivateFrameworks/MetadataUtilities.framework/Versions/A/MetadataUtilities
0x000000024a3e4000 	/System/Library/PrivateFrameworks/InstalledContentLibrary.framework/Versions/A/InstalledContentLibrary
0x00000001853fc000 	/System/Library/PrivateFrameworks/CoreServicesStore.framework/Versions/A/CoreServicesStore
0x000000018b568000 	/usr/lib/libapp_launch_measurement.dylib
0x00000001c01af000 	/System/Library/PrivateFrameworks/MobileSystemServices.framework/Versions/A/MobileSystemServices
0x0000000192098000 	/usr/lib/libxslt.1.dylib
0x000000018fc91000 	/System/Library/PrivateFrameworks/BackgroundTaskManagement.framework/Versions/A/BackgroundTaskManagement
0x000000019cdcb000 	/usr/lib/libcurl.4.dylib
0x0000000278739000 	/usr/lib/libcrypto.46.dylib
0x0000000279353000 	/usr/lib/libssl.48.dylib
0x000000019caa2000 	/System/Library/Frameworks/LDAP.framework/Versions/A/LDAP
0x000000019cade000 	/System/Library/PrivateFrameworks/TrustEvaluationAgent.framework/Versions/A/TrustEvaluationAgent
0x0000000194be2000 	/usr/lib/libsasl2.2.dylib
0x0000000185595000 	/System/Library/Frameworks/AppKit.framework/Versions/C/AppKit
0x0000000235bf9000 	/System/Library/PrivateFrameworks/CollectionViewCore.framework/Versions/A/CollectionViewCore
0x000000018de1a000 	/System/Library/PrivateFrameworks/XCTTargetBootstrap.framework/Versions/A/XCTTargetBootstrap
0x00000001936c0000 	/System/Library/PrivateFrameworks/UserActivity.framework/Versions/A/UserActivity
0x000000023e0d3000 	/System/Library/PrivateFrameworks/FrontBoard.framework/Versions/A/FrontBoard
0x000000026c13d000 	/System/Library/PrivateFrameworks/UIIntelligenceSupport.framework/Versions/A/UIIntelligenceSupport
0x000000022af59000 	/System/Library/Frameworks/SwiftUICore.framework/Versions/A/SwiftUICore
0x00000002723bc000 	/System/Library/PrivateFrameworks/WritingTools.framework/Versions/A/WritingTools
0x000000027126a000 	/System/Library/PrivateFrameworks/WindowManagement.framework/Versions/A/WindowManagement
0x000000023de1a000 	/System/Library/PrivateFrameworks/FocusEngine.framework/Versions/A/FocusEngine
0x000000023bba5000 	/System/Library/PrivateFrameworks/DesignLibrary.framework/Versions/A/DesignLibrary
0x000000018de05000 	/System/Library/PrivateFrameworks/DFRFoundation.framework/Versions/A/DFRFoundation
0x000000026cbf3000 	/System/Library/PrivateFrameworks/UpdateCycle.framework/Versions/A/UpdateCycle
0x000000018db02000 	/System/Library/Frameworks/Carbon.framework/Versions/A/Frameworks/HIToolbox.framework/Versions/A/HIToolbox
0x00000001988fc000 	/System/Library/Frameworks/Carbon.framework/Versions/A/Frameworks/SpeechRecognition.framework/Versions/A/SpeechRecognition
0x000000018b4f9000 	/System/Library/PrivateFrameworks/PerformanceAnalysis.framework/Versions/A/PerformanceAnalysis
0x0000000198c80000 	/System/Library/Frameworks/Accessibility.framework/Versions/A/Accessibility
0x000000022be7e000 	/System/Library/Frameworks/Symbols.framework/Versions/A/Symbols
0x0000000246d2c000 	/System/Library/PrivateFrameworks/Gestures.framework/Versions/A/Gestures
0x00000001aa186000 	/usr/lib/swift/libswiftCoreGraphics.dylib
0x00000001996b8000 	/usr/lib/swift/libswiftFoundation.dylib
0x00000001e259e000 	/usr/lib/swift/libswiftSwiftOnoneSupport.dylib
0x00000002799bf000 	/usr/lib/swift/libswiftsys_time.dylib
0x00000001ce083000 	/System/Library/PrivateFrameworks/CoreMaterial.framework/Versions/A/CoreMaterial
0x0000000279705000 	/usr/lib/swift/libswiftSpatial.dylib
0x00000002784fe000 	/usr/lib/libSpatial.dylib
0x0000000277e72000 	/System/Library/SubFrameworks/UIUtilities.framework/Versions/A/UIUtilities
0x0000000108538000 	/opt/homebrew/Cellar/openjdk@21/21.0.5/libexec/openjdk.jdk/Contents/Home/lib/server/libjvm.dylib
0x0000000102a74000 	/opt/homebrew/Cellar/openjdk@21/21.0.5/libexec/openjdk.jdk/Contents/Home/lib/libjimage.dylib
0x0000000102aa4000 	/opt/homebrew/Cellar/openjdk@21/21.0.5/libexec/openjdk.jdk/Contents/Home/lib/libinstrument.dylib
0x0000000102c64000 	/opt/homebrew/Cellar/openjdk@21/21.0.5/libexec/openjdk.jdk/Contents/Home/lib/libjava.dylib
0x0000000102f28000 	/opt/homebrew/Cellar/openjdk@21/21.0.5/libexec/openjdk.jdk/Contents/Home/lib/libzip.dylib
0x0000000108004000 	/opt/homebrew/Cellar/openjdk@21/21.0.5/libexec/openjdk.jdk/Contents/Home/lib/libnio.dylib
0x0000000108024000 	/opt/homebrew/Cellar/openjdk@21/21.0.5/libexec/openjdk.jdk/Contents/Home/lib/libnet.dylib
0x0000000107fe4000 	/opt/homebrew/Cellar/openjdk@21/21.0.5/libexec/openjdk.jdk/Contents/Home/lib/libextnet.dylib
0x0000000108040000 	/opt/homebrew/Cellar/openjdk@21/21.0.5/libexec/openjdk.jdk/Contents/Home/lib/libmanagement.dylib
0x0000000108054000 	/opt/homebrew/Cellar/openjdk@21/21.0.5/libexec/openjdk.jdk/Contents/Home/lib/libmanagement_ext.dylib
0x00000001080e0000 	/opt/homebrew/Cellar/openjdk@21/21.0.5/libexec/openjdk.jdk/Contents/Home/lib/libawt.dylib
0x0000000108178000 	/opt/homebrew/Cellar/openjdk@21/21.0.5/libexec/openjdk.jdk/Contents/Home/lib/libmlib_image.dylib
0x0000000226ffc000 	/System/Library/Frameworks/JavaRuntimeSupport.framework/Versions/A/JavaRuntimeSupport
0x00000001abb64000 	/System/Library/Frameworks/Carbon.framework/Versions/A/Carbon
0x00000001a21f4000 	/System/Library/Frameworks/Carbon.framework/Versions/A/Frameworks/CommonPanels.framework/Versions/A/CommonPanels
0x000000019cdb6000 	/System/Library/Frameworks/Carbon.framework/Versions/A/Frameworks/Help.framework/Versions/A/Help
0x00000001a21f8000 	/System/Library/Frameworks/Carbon.framework/Versions/A/Frameworks/ImageCapture.framework/Versions/A/ImageCapture
0x00000001a21d3000 	/System/Library/Frameworks/Carbon.framework/Versions/A/Frameworks/OpenScripting.framework/Versions/A/OpenScripting
0x00000001a21f3000 	/System/Library/Frameworks/Carbon.framework/Versions/A/Frameworks/Ink.framework/Versions/A/Ink
0x00000001a21f0000 	/System/Library/Frameworks/Carbon.framework/Versions/A/Frameworks/SecurityHI.framework/Versions/A/SecurityHI
0x0000000108300000 	/opt/homebrew/Cellar/openjdk@21/21.0.5/libexec/openjdk.jdk/Contents/Home/lib/libawt_lwawt.dylib
0x000000010809c000 	/opt/homebrew/Cellar/openjdk@21/21.0.5/libexec/openjdk.jdk/Contents/Home/lib/libosxapp.dylib
0x00000001aa1ed000 	/System/Library/Frameworks/ExceptionHandling.framework/Versions/A/ExceptionHandling
0x00000001081d0000 	/Users/azhaannazim/Library/Caches/JNA/temp/jna3285950524552075970.tmp
0x000000012b088000 	/opt/homebrew/Cellar/tesseract/5.5.1/lib/libtesseract.5.dylib
0x0000000124ce8000 	/opt/homebrew/Cellar/leptonica/1.86.0/lib/libleptonica.6.dylib
0x0000000108434000 	/opt/homebrew/Cellar/libarchive/3.8.1/lib/libarchive.13.dylib
0x0000000108250000 	/opt/homebrew/Cellar/webp/1.6.0/lib/libwebp.7.2.0.dylib
0x000000010807c000 	/opt/homebrew/Cellar/webp/1.6.0/lib/libwebpmux.3.1.2.dylib
0x00000001082a8000 	/opt/homebrew/Cellar/openjpeg/2.5.4/lib/libopenjp2.2.5.4.dylib
0x00000001081f8000 	/opt/homebrew/Cellar/webp/1.6.0/lib/libsharpyuv.0.1.2.dylib
0x00000001084e0000 	/opt/homebrew/Cellar/lz4/1.10.0/lib/liblz4.1.10.0.dylib
0x0000000108224000 	/opt/homebrew/Cellar/libb2/0.98.1/lib/libb2.1.dylib


VM Arguments:
jvm_args: -javaagent:/Applications/IntelliJ IDEA CE.app/Contents/lib/idea_rt.jar=54864 -Dfile.encoding=UTF-8 -Dsun.stdout.encoding=UTF-8 -Dsun.stderr.encoding=UTF-8 
java_command: com.plum.assignment.AssignmentApplication
java_class_path (initial): /Users/azhaannazim/Downloads/assignment/target/classes:/Users/azhaannazim/.m2/repository/org/springframework/boot/spring-boot-starter-web/3.5.6/spring-boot-starter-web-3.5.6.jar:/Users/azhaannazim/.m2/repository/org/springframework/boot/spring-boot-starter/3.5.6/spring-boot-starter-3.5.6.jar:/Users/azhaannazim/.m2/repository/org/springframework/boot/spring-boot-starter-logging/3.5.6/spring-boot-starter-logging-3.5.6.jar:/Users/azhaannazim/.m2/repository/ch/qos/logback/logback-classic/1.5.18/logback-classic-1.5.18.jar:/Users/azhaannazim/.m2/repository/ch/qos/logback/logback-core/1.5.18/logback-core-1.5.18.jar:/Users/azhaannazim/.m2/repository/org/apache/logging/log4j/log4j-to-slf4j/2.24.3/log4j-to-slf4j-2.24.3.jar:/Users/azhaannazim/.m2/repository/org/apache/logging/log4j/log4j-api/2.24.3/log4j-api-2.24.3.jar:/Users/azhaannazim/.m2/repository/org/slf4j/jul-to-slf4j/2.0.17/jul-to-slf4j-2.0.17.jar:/Users/azhaannazim/.m2/repository/jakarta/annotation/jakarta.annotation-api/2.1.1/jakarta.annotation-api-2.1.1.jar:/Users/azhaannazim/.m2/repository/org/yaml/snakeyaml/2.4/snakeyaml-2.4.jar:/Users/azhaannazim/.m2/repository/org/springframework/boot/spring-boot-starter-json/3.5.6/spring-boot-starter-json-3.5.6.jar:/Users/azhaannazim/.m2/repository/com/fasterxml/jackson/datatype/jackson-datatype-jdk8/2.19.2/jackson-datatype-jdk8-2.19.2.jar:/Users/azhaannazim/.m2/repository/com/fasterxml/jackson/datatype/jackson-datatype-jsr310/2.19.2/jackson-datatype-jsr310-2.19.2.jar:/Users/azhaannazim/.m2/repository/com/fasterxml/jackson/module/jackson-module-parameter-names/2.19.2/jackson-module-parameter-names-2.19.2.jar:/Users/azhaannazim/.m2/repository/org/springframework/boot/spring-boot-starter-tomcat/3.5.6/spring-boot-starter-tomcat-3.5.6.jar:/Users/azhaannazim/.m2/repository/org/apache/tomcat/embed/tomcat-embed-core/10.1.46/tomcat-embed-core-10.1.46.jar:/Users/azhaannazim/.m2/repository/org/apache/tomcat/embed/tomcat-embed-websocket/10.1.46/tomcat-embed-websocket-10.1.46.jar:/Users/azhaannazim/.m2/repository/org/springframework/spring-web/6.2.11/spring-web-6.2.11.jar:/Users/azhaannazim/.m2/repository/org/springframework/spring-beans/6.2.11/spring-beans-6.2.11.jar:/Users/azhaannazim/.m2/repository/io/micrometer/micrometer-observation/1.15.4/micrometer-observation-1.15.4.jar:/Users/azhaannazim/.m2/repository/io/micrometer/micrometer-commons/1.15.4/micrometer-commons-1.15.4.jar:/Users/azhaannazim/.m2/repository/org/springframework/spring-webmvc/6.2.11/spring-webmvc-6.2.11.jar:/Users/azhaannazim/.m2/repository/org/springframework/spring-aop/6.2.11/spring-aop-6.2.11.jar:/Users/azhaannazim/.m2/repository/org/springframework/spring-context/6.2.11/spring-context-6.2.11.jar:/Users/azhaannazim/.m2/repository/org/springframework/spring-expression/6.2.11/spring-expression-6.2.11.jar:/Users/azhaannazim/.m2/repository/org/springframework/boot/spring-boot-devtools/3.5.6/spring-boot-devtools-3.5.6.jar:/Users/azhaannazim/.m2/repository/org/springframework/boot/spring-boot/3.5.6/spring-boot-3.5.6.jar:/Users/azhaannazim/.m2/repository/org/springframework/boot/spring-boot-autoconfigure/3.5.6/spring-boot-autoconfigure-3.5.6.jar:/Users/azhaannazim/.m2/repository/org/projectlombok/lombok/1.18.40/lombok-1.18.40.jar:/Users/azhaannazim/.m2/repository/org/junit/jupiter/junit-jupiter/5.12.2/junit-jupiter-5.12.2.jar:/Users/azhaannazim/.m2/repository/org/junit/jupiter/junit-jupiter-api/5.12.2/junit-jupiter-api-5.12.2.jar:/Users/azhaannazim/.m2/repository/org/opentest4j/opentest4j/1.3.0/opentest4j-1.3.0.jar:/Users/azhaannazim/.m2/repository/org/junit/platform/junit-platform-commons/1.12.2/junit-platform-commons-1.12.2.jar:/Users/azhaannazim/.m2/repository/org/apiguardian/apiguardian-api/1.1.2/apiguardian-api-1.1.2.jar:/Users/azhaannazim/.m2/repository/org/junit/jupiter/junit-jupiter-params/5.12.2/junit-jupiter-params-5.12.2.jar:/Users/azhaannazim/.m2/repository/org/junit/jupiter/junit-jupiter-engine/5.12.2/junit-jupiter-engine-5.12.2.jar:/Users/azhaannazim/.m2/repository/org/junit/platform/junit-platform-engine/1.12.2/junit-platform-engine-1.12.2.jar:/Users/azhaannazim/.m2/repository/org/springframework/spring-core/6.2.11/spring-core-6.2.11.jar:/Users/azhaannazim/.m2/repository/org/springframework/spring-jcl/6.2.11/spring-jcl-6.2.11.jar:/Users/azhaannazim/.m2/repository/com/fasterxml/jackson/core/jackson-databind/2.19.2/jackson-databind-2.19.2.jar:/Users/azhaannazim/.m2/repository/com/fasterxml/jackson/core/jackson-annotations/2.19.2/jackson-annotations-2.19.2.jar:/Users/azhaannazim/.m2/repository/com/fasterxml/jackson/core/jackson-core/2.19.2/jackson-core-2.19.2.jar:/Users/azhaannazim/.m2/repository/org/springframework/boot/spring-boot-starter-validation/3.5.6/spring-boot-starter-validation-3.5.6.jar:/Users/azhaannazim/.m2/repository/org/apache/tomcat/embed/tomcat-embed-el/10.1.46/tomcat-embed-el-10.1.46.jar:/Users/azhaannazim/.m2/repository/org/hibernate/validator/hibernate-validator/8.0.3.Final/hibernate-validator-8.0.3.Final.jar:/Users/azhaannazim/.m2/repository/jakarta/validation/jakarta.validation-api/3.0.2/jakarta.validation-api-3.0.2.jar:/Users/azhaannazim/.m2/repository/org/jboss/logging/jboss-logging/3.6.1.Final/jboss-logging-3.6.1.Final.jar:/Users/azhaannazim/.m2/repository/com/fasterxml/classmate/1.7.0/classmate-1.7.0.jar:/Users/azhaannazim/.m2/repository/net/sourceforge/tess4j/tess4j/5.8.0/tess4j-5.8.0.jar:/Users/azhaannazim/.m2/repository/net/java/dev/jna/jna/5.13.0/jna-5.13.0.jar:/Users/azhaannazim/.m2/repository/com/github/jai-imageio/jai-imageio-core/1.4.0/jai-imageio-core-1.4.0.jar:/Users/azhaannazim/.m2/repository/org/apache/pdfbox/pdfbox-tools/2.0.29/pdfbox-tools-2.0.29.jar:/Users/azhaannazim/.m2/repository/org/apache/pdfbox/pdfbox-debugger/2.0.29/pdfbox-debugger-2.0.29.jar:/Users/azhaannazim/.m2/repository/org/apache/pdfbox/jbig2-imageio/3.0.4/jbig2-imageio-3.0.4.jar:/Users/azhaannazim/.m2/repository/commons-io/commons-io/2.13.0/commons-io-2.13.0.jar:/Users/azhaannazim/.m2/repository/net/sourceforge/lept4j/lept4j/1.18.1/lept4j-1.18.1.jar:/Users/azhaannazim/.m2/repository/org/jboss/jboss-vfs/3.2.17.Final/jboss-vfs-3.2.17.Final.jar:/Users/azhaannazim/.m2/repository/org/slf4j/slf4j-api/2.0.17/slf4j-api-2.0.17.jar:/Users/azhaannazim/.m2/repository/org/apache/pdfbox/pdfbox/3.0.1/pdfbox-3.0.1.jar:/Users/azhaannazim/.m2/repository/org/apache/pdfbox/pdfbox-io/3.0.1/pdfbox-io-3.0.1.jar:/Users/azhaannazim/.m2/repository/org/apache/pdfbox/fontbox/3.0.1/fontbox-3.0.1.jar:/Users/azhaannazim/.m2/repository/commons-logging/commons-logging/1.2/commons-logging-1.2.jar:/Users/azhaannazim/.m2/repository/commons-fileupload/commons-fileupload/1.5/commons-fileupload-1.5.jar:/Users/azhaannazim/.m2/repository/org/springframework/boot/spring-boot-starter-webflux/3.5.6/spring-boot-starter-webflux-3.5.6.jar:/Users/azhaannazim/.m2/repository/org/springframework/boot/spring-boot-starter-reactor-netty/3.5.6/spring-boot-starter-reactor-netty-3.5.6.jar:/Users/azhaannazim/.m2/repository/io/projectreactor/netty/reactor-netty-http/1.2.10/reactor-netty-http-1.2.10.jar:/Users/azhaannazim/.m2/repository/io/netty/netty-codec-http/4.1.127.Final/netty-codec-http-4.1.127.Final.jar:/Users/azhaannazim/.m2/repository/io/netty/netty-common/4.1.127.Final/netty-common-4.1.127.Final.jar:/Users/azhaannazim/.m2/repository/io/netty/netty-buffer/4.1.127.Final/netty-buffer-4.1.127.Final.jar:/Users/azhaannazim/.m2/repository/io/netty/netty-transport/4.1.127.Final/netty-transport-4.1.127.Final.jar:/Users/azhaannazim/.m2/repository/io/netty/netty-codec/4.1.127.Final/netty-codec-4.1.127.Final.jar:/Users/azhaannazim/.m2/repository/io/netty/netty-handler/4.1.127.Final/netty-handler-4.1.127.Final.jar:/Users/azhaannazim/.m2/repository/io/netty/netty-codec-http2/4.1.127.Final/netty-codec-http2-4.1.127.Final.jar:/Users/azhaannazim/.m2/repository/io/netty/netty-resolver-dns/4.1.127.Final/netty-resolver-dns-4.1.127.Final.jar:/Users/azhaannazim/.m2/repository/io/netty/netty-resolver/4.1.127.Final/netty-resolver-4.1.127.Final.jar:/Users/azhaannazim/.m2/repository/io/netty/netty-codec-dns/4.1.127.Final/netty-codec-dns-4.1.127.Final.jar:/Users/azhaannazim/.m2/repository/io/netty/netty-resolver-dns-native-macos/4.1.127.Final/netty-resolver-dns-native-macos-4.1.127.Final-osx-x86_64.jar:/Users/azhaannazim/.m2/repository/io/netty/netty-resolver-dns-classes-macos/4.1.127.Final/netty-resolver-dns-classes-macos-4.1.127.Final.jar:/Users/azhaannazim/.m2/repository/io/netty/netty-transport-native-epoll/4.1.127.Final/netty-transport-native-epoll-4.1.127.Final-linux-x86_64.jar:/Users/azhaannazim/.m2/repository/io/netty/netty-transport-native-unix-common/4.1.127.Final/netty-transport-native-unix-common-4.1.127.Final.jar:/Users/azhaannazim/.m2/repository/io/netty/netty-transport-classes-epoll/4.1.127.Final/netty-transport-classes-epoll-4.1.127.Final.jar:/Users/azhaannazim/.m2/repository/io/projectreactor/netty/reactor-netty-core/1.2.10/reactor-netty-core-1.2.10.jar:/Users/azhaannazim/.m2/repository/io/netty/netty-handler-proxy/4.1.127.Final/netty-handler-proxy-4.1.127.Final.jar:/Users/azhaannazim/.m2/repository/io/netty/netty-codec-socks/4.1.127.Final/netty-codec-socks-4.1.127.Final.jar:/Users/azhaannazim/.m2/repository/org/springframework/spring-webflux/6.2.11/spring-webflux-6.2.11.jar:/Users/azhaannazim/.m2/repository/io/projectreactor/reactor-core/3.7.11/reactor-core-3.7.11.jar:/Users/azhaannazim/.m2/repository/org/reactivestreams/reactive-streams/1.0.4/reactive-streams-1.0.4.jar
Launcher Type: SUN_STANDARD

[Global flags]
     intx CICompilerCount                          = 4                                         {product} {ergonomic}
     uint ConcGCThreads                            = 2                                         {product} {ergonomic}
     uint G1ConcRefinementThreads                  = 8                                         {product} {ergonomic}
   size_t G1HeapRegionSize                         = 1048576                                   {product} {ergonomic}
    uintx GCDrainStackTargetSize                   = 64                                        {product} {ergonomic}
   size_t InitialHeapSize                          = 134217728                                 {product} {ergonomic}
   size_t MarkStackSize                            = 4194304                                   {product} {ergonomic}
   size_t MaxHeapSize                              = 2147483648                                {product} {ergonomic}
   size_t MaxNewSize                               = 1287651328                                {product} {ergonomic}
   size_t MinHeapDeltaBytes                        = 1048576                                   {product} {ergonomic}
   size_t MinHeapSize                              = 8388608                                   {product} {ergonomic}
    uintx NonNMethodCodeHeapSize                   = 5839564                                {pd product} {ergonomic}
    uintx NonProfiledCodeHeapSize                  = 122909338                              {pd product} {ergonomic}
    uintx ProfiledCodeHeapSize                     = 122909338                              {pd product} {ergonomic}
    uintx ReservedCodeCacheSize                    = 251658240                              {pd product} {ergonomic}
     bool SegmentedCodeCache                       = true                                      {product} {ergonomic}
   size_t SoftMaxHeapSize                          = 2147483648                             {manageable} {ergonomic}
     bool UseCompressedOops                        = true                           {product lp64_product} {ergonomic}
     bool UseG1GC                                  = true                                      {product} {ergonomic}
     bool UseNUMA                                  = false                                     {product} {ergonomic}
     bool UseNUMAInterleaving                      = false                                     {product} {ergonomic}

Logging:
Log output configuration:
 #0: stdout all=warning uptime,level,tags foldmultilines=false
 #1: stderr all=off uptime,level,tags foldmultilines=false

Environment Variables:
JAVA_HOME=/opt/homebrew/opt/openjdk@21
PATH=/opt/homebrew/opt/python@3.11/libexec/bin:/Users/azhaannazim/.local/bin:/opt/homebrew/opt/openjdk@21/bin:/Users/azhaannazim/.nvm/versions/node/v20.18.3/bin:/opt/homebrew/bin:/opt/homebrew/sbin:/usr/local/bin:/System/Cryptexes/App/usr/bin:/usr/bin:/bin:/usr/sbin:/sbin:/var/run/com.apple.security.cryptexd/codex.system/bootstrap/usr/local/bin:/var/run/com.apple.security.cryptexd/codex.system/bootstrap/usr/bin:/var/run/com.apple.security.cryptexd/codex.system/bootstrap/usr/appleinternal/bin:* Profile "minikube" not found. Run "minikube profile list" to view all profiles.
  To start a cluster, run: "minikube start"
SHELL=/bin/zsh
LANG=C.UTF-8
TMPDIR=/var/folders/2h/l79zt52n5qd2sqgkx361bk9c0000gn/T/
DYLD_LIBRARY_PATH=/opt/homebrew/lib

Active Locale:
LC_ALL=C.UTF-8
LC_COLLATE=C.UTF-8
LC_CTYPE=C.UTF-8
LC_MESSAGES=C.UTF-8
LC_MONETARY=C.UTF-8
LC_NUMERIC=C.UTF-8
LC_TIME=C.UTF-8

Signal Handlers:
   SIGSEGV: crash_handler in libjvm.dylib, mask=11100110000111110111111111111111, flags=SA_ONSTACK|SA_RESTART|SA_SIGINFO, unblocked
    SIGBUS: crash_handler in libjvm.dylib, mask=11100110000111110111111111111111, flags=SA_RESTART|SA_SIGINFO, unblocked
    SIGFPE: crash_handler in libjvm.dylib, mask=11100110000111110111111111111111, flags=SA_RESTART|SA_SIGINFO, unblocked
   SIGPIPE: javaSignalHandler in libjvm.dylib, mask=11100110000111110111111111111111, flags=SA_RESTART|SA_SIGINFO, blocked
   SIGXFSZ: javaSignalHandler in libjvm.dylib, mask=11100110000111110111111111111111, flags=SA_RESTART|SA_SIGINFO, blocked
    SIGILL: crash_handler in libjvm.dylib, mask=11100110000111110111111111111111, flags=SA_RESTART|SA_SIGINFO, unblocked
   SIGUSR2: SR_handler in libjvm.dylib, mask=00000000000000000000000000000000, flags=SA_RESTART|SA_SIGINFO, blocked
    SIGHUP: UserHandler in libjvm.dylib, mask=11100110000111110111111111111111, flags=SA_RESTART|SA_SIGINFO, blocked
    SIGINT: UserHandler in libjvm.dylib, mask=11100110000111110111111111111111, flags=SA_RESTART|SA_SIGINFO, blocked
   SIGTERM: UserHandler in libjvm.dylib, mask=11100110000111110111111111111111, flags=SA_RESTART|SA_SIGINFO, blocked
   SIGQUIT: UserHandler in libjvm.dylib, mask=11100110000111110111111111111111, flags=SA_RESTART|SA_SIGINFO, blocked
   SIGTRAP: crash_handler in libjvm.dylib, mask=11100110000111110111111111111111, flags=SA_RESTART|SA_SIGINFO, unblocked


Periodic native trim disabled

---------------  S Y S T E M  ---------------

OS:
uname: Darwin 25.0.0 Darwin Kernel Version 25.0.0: Mon Aug 25 21:17:53 PDT 2025; root:xnu-12377.1.9~3/RELEASE_ARM64_T8112 arm64
OS uptime: 19 days 1:23 hours
rlimit (soft/hard): STACK 8176k/65520k , CORE 0k/infinity , NPROC 1333/2000 , NOFILE 2147483647/infinity , AS infinity/infinity , CPU infinity/infinity , DATA infinity/infinity , FSIZE infinity/infinity , MEMLOCK infinity/infinity , RSS infinity/infinity
load average: 2.93 2.47 2.34

CPU: total 8 (initial active 8) 0x61:0x0:0xda33d83d:0, fp, asimd, aes, pmull, sha1, sha256, crc32, lse, sha3, sha512
machdep.cpu.brand_string:Apple M2
hw.cachelinesize:128
hw.l1icachesize:131072
hw.l1dcachesize:65536
hw.l2cachesize:4194304

Memory: 16k page, physical 8388608k(75248k free), swap 2097152k(1065152k free)

vm_info: OpenJDK 64-Bit Server VM (21.0.5) for bsd-aarch64 JRE (21.0.5), built on 2024-10-11T19:42:42Z by "brew" with clang Apple LLVM 15.0.0 (clang-1500.3.9.4)

END.
